
🚀 BrSpark Admin API running on http://localhost:3001
   Environment: development
   Database:    localhost:5432/brspark_admin?schema=public

[BACKUP] 📁 Todos os backups: ls /Users/alex/Lansolver Dropbox/Alex Benedito/antigravity/BrsparkMobile/admin-panel/backend/scripts/../backups
[0mPOST /api/integrations/cmn7hmout00g2v9smm4sg0sr8/test [32m200[0m 741.044 ms - 167[0m
[0mGET /api/integrations [32m200[0m 66.584 ms - 2813[0m
[0mDELETE /api/integrations/cmn7hmout00g2v9smm4sg0sr8 [32m200[0m 102.150 ms - 16[0m
[0mPOST /api/integrations [32m201[0m 40.672 ms - 1670[0m
[0mGET /api/integrations [32m200[0m 3.424 ms - 2792[0m
[0mPOST /api/integrations/cmn7hu70u0000yy95q18ih5i6/test [32m200[0m 590.006 ms - 167[0m
[0mPOST /api/integrations/cmn7hu70u0000yy95q18ih5i6/test [32m200[0m 492.785 ms - 167[0m
[0mGET /api/integrations [32m200[0m 387.890 ms - 1525[0m
[0mPOST /api/integrations/cmn7hu70u0000yy95q18ih5i6/test [32m200[0m 1736.723 ms - 79[0m
[0mGET /api/sync/stock/items?owner_email=luigi%40lansolver.com [36m304[0m 128.599 ms - -[0m
[0mGET /api/sync/media?owner_email=luigi%40lansolver.com [36m304[0m 1.920 ms - -[0m
[0mGET /api/sync/vault?owner_email=luigi%40lansolver.com [36m304[0m 115.493 ms - -[0m
[0mGET /api/sync/maintenances?owner_email=luigi%40lansolver.com [36m304[0m 117.343 ms - -[0m
[0mGET /api/sync/stock/movements?owner_email=luigi%40lansolver.com [36m304[0m 6.997 ms - -[0m
[0mPOST /api/sync/costs/expenses?owner_email=luigi%40lansolver.com [32m200[0m 158.730 ms - 21[0m
[0mPOST /api/sync/costs/recurring?owner_email=luigi%40lansolver.com [32m200[0m 155.744 ms - 21[0m
[0mPOST /api/sync/insurance?owner_email=luigi%40lansolver.com [32m200[0m 153.961 ms - 21[0m
[0mPOST /api/sync/asset_docs?owner_email=luigi%40lansolver.com [32m200[0m 29.503 ms - 21[0m
[0mGET /api/sync/costs/expenses?owner_email=luigi%40lansolver.com [32m200[0m 1.605 ms - 244[0m
[0mGET /api/sync/asset_docs?owner_email=luigi%40lansolver.com [32m200[0m 2.357 ms - 682[0m
[0mGET /api/sync/costs/recurring?owner_email=luigi%40lansolver.com [32m200[0m 3.055 ms - 649[0m
[0mGET /api/sync/costs/budgets?owner_email=luigi%40lansolver.com [36m304[0m 2.983 ms - -[0m
[0mGET /api/sync/insurance?owner_email=luigi%40lansolver.com [32m200[0m 2.969 ms - 1369[0m
[0mGET /api/sync/assets [36m304[0m 65.601 ms - -[0m
[0mGET /api/config [32m200[0m 4.037 ms - 417[0m
prisma:error 
Invalid `prisma.asset.upsert()` invocation in
/Users/alex/Lansolver Dropbox/Alex Benedito/antigravity/BrsparkMobile/admin-panel/backend/src/routes/sync.js:97:32

  94 switch (item.action) {
  95   case 'CREATE_ASSET':
  96   case 'UPDATE_ASSET': {
→ 97     await prisma.asset.upsert({
           where: {
             id: "brsp-314572"
           },
           create: {
             id: "brsp-314572",
             tenantId: "cmn6sf2we004g5epyw7uxjo73",
             title: "Yaris",
             type: "VEHICLE",
                   ~~~~~~~~~
             status: "OPERACIONAL",
             imageUrl: null,
             parentId: null,
             metadata: {
               inventoryId: "",
               brand: "",
               model: "",
               serialNumber: "",
               costCenter: "",
               acquisitionValue: "",
               cep: "",
               street: "",
               streetNumber: "",
               complement: "",
               neighborhood: "",
               city: "",
               state: "",
               gpsCoordinates: "",
               owner: "",
               department: "",
               customFields: [],
               photos: []
             }
           },
           update: {
             title: "Yaris",
             status: "OPERACIONAL",
             imageUrl: null,
             parentId: null,
             metadata: {
               inventoryId: "",
               brand: "",
               model: "",
               serialNumber: "",
               costCenter: "",
               acquisitionValue: "",
               cep: "",
               street: "",
               streetNumber: "",
               complement: "",
               neighborhood: "",
               city: "",
               state: "",
               gpsCoordinates: "",
               owner: "",
               department: "",
               customFields: [],
               photos: []
             }
           }
         })

Invalid value for argument `type`. Expected AssetType.
[sync/push] Erro ao processar item CREATE_ASSET: PrismaClientValidationError: 
Invalid `prisma.asset.upsert()` invocation in
/Users/alex/Lansolver Dropbox/Alex Benedito/antigravity/BrsparkMobile/admin-panel/backend/src/routes/sync.js:97:32

  94 switch (item.action) {
  95   case 'CREATE_ASSET':
  96   case 'UPDATE_ASSET': {
→ 97     await prisma.asset.upsert({
           where: {
             id: "brsp-314572"
           },
           create: {
             id: "brsp-314572",
             tenantId: "cmn6sf2we004g5epyw7uxjo73",
             title: "Yaris",
             type: "VEHICLE",
                   ~~~~~~~~~
             status: "OPERACIONAL",
             imageUrl: null,
             parentId: null,
             metadata: {
               inventoryId: "",
               brand: "",
               model: "",
               serialNumber: "",
               costCenter: "",
               acquisitionValue: "",
               cep: "",
               street: "",
               streetNumber: "",
               complement: "",
               neighborhood: "",
               city: "",
               state: "",
               gpsCoordinates: "",
               owner: "",
               department: "",
               customFields: [],
               photos: []
             }
           },
           update: {
             title: "Yaris",
             status: "OPERACIONAL",
             imageUrl: null,
             parentId: null,
             metadata: {
               inventoryId: "",
               brand: "",
               model: "",
               serialNumber: "",
               costCenter: "",
               acquisitionValue: "",
               cep: "",
               street: "",
               streetNumber: "",
               complement: "",
               neighborhood: "",
               city: "",
               state: "",
               gpsCoordinates: "",
               owner: "",
               department: "",
               customFields: [],
               photos: []
             }
           }
         })

Invalid value for argument `type`. Expected AssetType.
    at wn (/Users/alex/Lansolver Dropbox/Alex Benedito/antigravity/BrsparkMobile/admin-panel/backend/node_modules/@prisma/client/runtime/library.js:29:1363)
    at $n.handleRequestError (/Users/alex/Lansolver Dropbox/Alex Benedito/antigravity/BrsparkMobile/admin-panel/backend/node_modules/@prisma/client/runtime/library.js:121:6958)
    at $n.handleAndLogRequestError (/Users/alex/Lansolver Dropbox/Alex Benedito/antigravity/BrsparkMobile/admin-panel/backend/node_modules/@prisma/client/runtime/library.js:121:6623)
    at $n.request (/Users/alex/Lansolver Dropbox/Alex Benedito/antigravity/BrsparkMobile/admin-panel/backend/node_modules/@prisma/client/runtime/library.js:121:6307)
    at async l (/Users/alex/Lansolver Dropbox/Alex Benedito/antigravity/BrsparkMobile/admin-panel/backend/node_modules/@prisma/client/runtime/library.js:130:9633)
    at async /Users/alex/Lansolver Dropbox/Alex Benedito/antigravity/BrsparkMobile/admin-panel/backend/src/routes/sync.js:97:13 {
  clientVersion: '5.22.0'
}
[0mPOST /api/sync/push [32m200[0m 27.655 ms - 35[0m
[0mGET /api/shares/pending [36m304[0m 25.745 ms - -[0m
[0mGET /api/sync/stock/items?owner_email=luigi%40lansolver.com [36m304[0m 2.567 ms - -[0m
[0mGET /api/sync/vault?owner_email=luigi%40lansolver.com [36m304[0m 3.797 ms - -[0m
[0mGET /api/sync/media?owner_email=luigi%40lansolver.com [36m304[0m 6.523 ms - -[0m
[0mPOST /api/sync/costs/expenses?owner_email=luigi%40lansolver.com [32m200[0m 26.349 ms - 21[0m
[0mPOST /api/sync/insurance?owner_email=luigi%40lansolver.com [32m200[0m 16.400 ms - 21[0m
[0mPOST /api/sync/costs/recurring?owner_email=luigi%40lansolver.com [32m200[0m 20.247 ms - 21[0m
[0mGET /api/sync/maintenances?owner_email=luigi%40lansolver.com [36m304[0m 19.859 ms - -[0m
[0mGET /api/providers?page=1&limit=20 [36m304[0m 26.065 ms - -[0m
[0mPOST /api/sync/asset_docs?owner_email=luigi%40lansolver.com [32m200[0m 5.178 ms - 21[0m
[0mGET /api/sync/insurance?owner_email=luigi%40lansolver.com [32m200[0m 4.366 ms - 1369[0m
[0mGET /api/sync/costs/expenses?owner_email=luigi%40lansolver.com [32m200[0m 4.246 ms - 244[0m
[0mGET /api/sync/costs/recurring?owner_email=luigi%40lansolver.com [32m200[0m 4.181 ms - 649[0m
[0mGET /api/sync/costs/budgets?owner_email=luigi%40lansolver.com [36m304[0m 4.096 ms - -[0m
[0mGET /api/sync/stock/movements?owner_email=luigi%40lansolver.com [36m304[0m 4.029 ms - -[0m
[0mGET /api/sync/asset_docs?owner_email=luigi%40lansolver.com [32m200[0m 1.586 ms - 682[0m
[0mGET /api/sync/assets [36m304[0m 4.985 ms - -[0m
[0mGET /api/config [32m200[0m 3.348 ms - 417[0m
[STORAGE] R2 upload: media/luigi_lansolver_com/media_1774531519571_v1fzt.jpg (1850173 bytes)
[STORAGE] Erro no upload: S3/R2 PUT 404: <?xml version="1.0" encoding="UTF-8"?><Error><Code>NoSuchBucket</Code><Message>The specified bucket does not exist.</Message></Error>
[0mPOST /api/storage/upload [31m500[0m 360.454 ms - 164[0m
[STORAGE] R2 upload: docs/luigi_lansolver_com/2ro6l.png (14726 bytes)
[STORAGE] R2 upload: docs/luigi_lansolver_com/2ro6l.png (14726 bytes)
[STORAGE] Erro no upload: S3/R2 PUT 404: <?xml version="1.0" encoding="UTF-8"?><Error><Code>NoSuchBucket</Code><Message>The specified bucket does not exist.</Message></Error>
[0mPOST /api/storage/upload [31m500[0m 234.580 ms - 164[0m
[STORAGE] Erro no upload: S3/R2 PUT 404: <?xml version="1.0" encoding="UTF-8"?><Error><Code>NoSuchBucket</Code><Message>The specified bucket does not exist.</Message></Error>
[0mPOST /api/storage/upload [31m500[0m 256.320 ms - 164[0m
[0mGET /api/shares/pending [36m304[0m 99.423 ms - -[0m
[0mGET /api/providers?page=1&limit=20 [36m304[0m 26.796 ms - -[0m
[0mGET /api/sync/stock/items?owner_email=luigi%40lansolver.com [36m304[0m 7.258 ms - -[0m
[0mGET /api/sync/maintenances?owner_email=luigi%40lansolver.com [36m304[0m 11.442 ms - -[0m
[0mGET /api/sync/vault?owner_email=luigi%40lansolver.com [36m304[0m 10.447 ms - -[0m
[0mGET /api/sync/media?owner_email=luigi%40lansolver.com [36m304[0m 12.743 ms - -[0m
[0mPOST /api/sync/insurance?owner_email=luigi%40lansolver.com [32m200[0m 19.507 ms - 21[0m
[0mPOST /api/sync/costs/expenses?owner_email=luigi%40lansolver.com [32m200[0m 21.867 ms - 21[0m
[0mPOST /api/sync/costs/recurring?owner_email=luigi%40lansolver.com [32m200[0m 21.682 ms - 21[0m
[0mPOST /api/sync/asset_docs?owner_email=luigi%40lansolver.com [32m200[0m 5.238 ms - 21[0m
[0mGET /api/sync/costs/recurring?owner_email=luigi%40lansolver.com [32m200[0m 4.197 ms - 649[0m
[0mGET /api/sync/costs/budgets?owner_email=luigi%40lansolver.com [36m304[0m 3.949 ms - -[0m
[0mGET /api/sync/asset_docs?owner_email=luigi%40lansolver.com [32m200[0m 3.262 ms - 682[0m
[0mGET /api/sync/stock/movements?owner_email=luigi%40lansolver.com [36m304[0m 2.874 ms - -[0m
[0mGET /api/sync/insurance?owner_email=luigi%40lansolver.com [32m200[0m 6.260 ms - 1369[0m
[0mGET /api/sync/costs/expenses?owner_email=luigi%40lansolver.com [32m200[0m 5.717 ms - 244[0m
[0mGET /api/sync/assets [36m304[0m 6.115 ms - -[0m
[0mGET /api/config [32m200[0m 3.210 ms - 417[0m
[0mGET /api/shares/pending [36m304[0m 1.799 ms - -[0m
[0mGET /api/providers?page=1&limit=20 [36m304[0m 3.573 ms - -[0m
[0mGET /api/2fa/status [33m404[0m 8.061 ms - 27[0m
[0mGET /api/shares/pending [36m304[0m 5.348 ms - -[0m
[0mGET /api/providers?page=1&limit=20 [36m304[0m 2.810 ms - -[0m
[0mGET /api/shares/pending [36m304[0m 1.337 ms - -[0m
[0mGET /api/providers?page=1&limit=20 [36m304[0m 1.275 ms - -[0m
[0mGET /api/shares/pending [36m304[0m 2.761 ms - -[0m
[0mGET /api/providers?page=1&limit=20 [36m304[0m 3.309 ms - -[0m
[0mGET /api/shares/pending [36m304[0m 3.329 ms - -[0m
[0mGET /api/providers?page=1&limit=20 [36m304[0m 5.360 ms - -[0m
[0mGET /api/shares/pending [36m304[0m 6.981 ms - -[0m
[0mGET /api/providers?page=1&limit=20 [36m304[0m 3.944 ms - -[0m
[STORAGE] Renovando token do Dropbox...
[STORAGE] Dropbox upload: /BrSpark/media/luigi_lansolver_com/media_1774531676883_xedl8.jpg (2907655 bytes)
[STORAGE] Dropbox OK → /BrSpark/media/luigi_lansolver_com/media_1774531676883_xedl8.jpg
[0mPOST /api/storage/upload [32m200[0m 3443.275 ms - 107[0m
[STORAGE] Renovando token do Dropbox...
[STORAGE] Renovando token do Dropbox...
[STORAGE] Dropbox upload: /BrSpark/docs/luigi_lansolver_com/jrsu5w.pdf (117202 bytes)
[STORAGE] Dropbox upload: /BrSpark/docs/luigi_lansolver_com/jrsu5w.pdf (117202 bytes)
[STORAGE] Dropbox OK → /BrSpark/docs/luigi_lansolver_com/jrsu5w.pdf
[0mPOST /api/storage/upload [32m200[0m 2077.712 ms - 87[0m
[STORAGE] Dropbox OK → /BrSpark/docs/luigi_lansolver_com/jrsu5w.pdf
[0mPOST /api/storage/upload [32m200[0m 2267.747 ms - 87[0m
[STORAGE] Renovando token do Dropbox...
[STORAGE] Dropbox upload: /BrSpark/media/luigi_lansolver_com/media_1774531777747_bg0ok.jpg (2000277 bytes)
[STORAGE] Dropbox OK → /BrSpark/media/luigi_lansolver_com/media_1774531777747_bg0ok.jpg
[0mPOST /api/storage/upload [32m200[0m 3345.082 ms - 107[0m
[0mGET /api/sync/vault?owner_email=luigi%40lansolver.com [36m304[0m 60.192 ms - -[0m
[0mGET /api/sync/maintenances?owner_email=luigi%40lansolver.com [36m304[0m 61.609 ms - -[0m
[0mGET /api/sync/stock/items?owner_email=luigi%40lansolver.com [36m304[0m 88.353 ms - -[0m
[0mGET /api/sync/media?owner_email=luigi%40lansolver.com [36m304[0m 1.314 ms - -[0m
[0mPOST /api/sync/insurance?owner_email=luigi%40lansolver.com [32m200[0m 78.578 ms - 21[0m
[0mPOST /api/sync/costs/expenses?owner_email=luigi%40lansolver.com [32m200[0m 80.970 ms - 21[0m
[0mPOST /api/sync/costs/recurring?owner_email=luigi%40lansolver.com [32m200[0m 80.220 ms - 21[0m
[0mPOST /api/sync/asset_docs?owner_email=luigi%40lansolver.com [32m200[0m 10.732 ms - 21[0m
[0mGET /api/sync/stock/movements?owner_email=luigi%40lansolver.com [36m304[0m 1.660 ms - -[0m
[0mGET /api/sync/insurance?owner_email=luigi%40lansolver.com [32m200[0m 3.674 ms - 1369[0m
[0mGET /api/sync/costs/expenses?owner_email=luigi%40lansolver.com [32m200[0m 3.561 ms - 244[0m
[0mGET /api/sync/costs/recurring?owner_email=luigi%40lansolver.com [32m200[0m 3.100 ms - 649[0m
[0mGET /api/sync/costs/budgets?owner_email=luigi%40lansolver.com [36m304[0m 2.980 ms - -[0m
[0mGET /api/sync/asset_docs?owner_email=luigi%40lansolver.com [32m200[0m 1.631 ms - 1146[0m
[0mGET /api/sync/assets [36m304[0m 9.679 ms - -[0m
[0mGET /api/config [32m200[0m 7.856 ms - 417[0m
[0mGET /api/shares/pending [36m304[0m 6.045 ms - -[0m
[0mGET /api/providers?page=1&limit=20 [36m304[0m 329.051 ms - -[0m
[0mGET /api/2fa/status [33m404[0m 0.172 ms - 27[0m
[0mGET /api/2fa/status [33m404[0m 0.338 ms - 27[0m
[0mGET /api/sync/assets [33m401[0m 2.689 ms - 33[0m
node:events:486
      throw er; // Unhandled 'error' event
      ^

Error: read EIO
    at TTY.onStreamRead (node:internal/stream_base_commons:216:20)
Emitted 'error' event on ReadStream instance at:
    at emitErrorNT (node:internal/streams/destroy:170:8)
    at emitErrorCloseNT (node:internal/streams/destroy:129:3)
    at process.processTicksAndRejections (node:internal/process/task_queues:90:21) {
  errno: -5,
  code: 'EIO',
  syscall: 'read'
}

Node.js v24.11.0
?owner_email=luigi%40lansolver.com [36m304[0m 11.712 ms - -[0m
[0mPOST /api/sync/asset_docs?owner_email=luigi%40lansolver.com [32m200[0m 5.517 ms - 21[0m
[0mPOST /api/sync/costs/expenses?owner_email=luigi%40lansolver.com [32m200[0m 4.054 ms - 21[0m
[0mPOST /api/sync/costs/recurring?owner_email=luigi%40lansolver.com [32m200[0m 4.206 ms - 21[0m
[0mGET /api/sync/maintenances?owner_email=luigi%40lansolver.com [36m304[0m 49.683 ms - -[0m
[0mGET /api/sync/vault?owner_email=luigi%40lansolver.com [36m304[0m 51.221 ms - -[0m
[0mPOST /api/sync/costs/recurring?owner_email=luigi%40lansolver.com [32m200[0m 52.105 ms - 21[0m
[0mGET /api/sync/maintenances?owner_email=luigi%40lansolver.com [36m304[0m 2.102 ms - -[0m
[0mPOST /api/sync/insurance?owner_email=luigi%40lansolver.com [32m200[0m 55.652 ms - 21[0m
[0mPOST /api/sync/insurance?owner_email=luigi%40lansolver.com [32m200[0m 8.314 ms - 21[0m
[0mGET /api/sync/vault?owner_email=luigi%40lansolver.com [36m304[0m 4.882 ms - -[0m
[0mGET /api/sync/media?owner_email=luigi%40lansolver.com [36m304[0m 1.929 ms - -[0m
[0mPOST /api/sync/asset_docs?owner_email=luigi%40lansolver.com [32m200[0m 6.457 ms - 21[0m
[0mGET /api/sync/stock/items?owner_email=luigi%40lansolver.com [36m304[0m 1.780 ms - -[0m
[0mGET /api/shares/pending [36m304[0m 2.491 ms - -[0m
[0mGET /api/sync/maintenances?owner_email=luigi%40lansolver.com [36m304[0m 2.476 ms - -[0m
[0mPOST /api/sync/costs/expenses?owner_email=luigi%40lansolver.com [32m200[0m 4.333 ms - 21[0m
[0mPOST /api/sync/costs/recurring?owner_email=luigi%40lansolver.com [32m200[0m 3.972 ms - 21[0m
[0mGET /api/sync/vault?owner_email=luigi%40lansolver.com [36m304[0m 2.091 ms - -[0m
[0mGET /api/sync/media?owner_email=luigi%40lansolver.com [36m304[0m 2.478 ms - -[0m
[0mPOST /api/sync/insurance?owner_email=luigi%40lansolver.com [32m200[0m 15.730 ms - 21[0m
[0mGET /api/sync/asset_docs?owner_email=luigi%40lansolver.com [32m200[0m 3.641 ms - 1146[0m
[0mGET /api/sync/costs/expenses?owner_email=luigi%40lansolver.com [32m200[0m 4.790 ms - 244[0m
[0mPOST /api/sync/asset_docs?owner_email=luigi%40lansolver.com [32m200[0m 8.658 ms - 21[0m
[0mGET /api/sync/costs/recurring?owner_email=luigi%40lansolver.com [32m200[0m 3.666 ms - 649[0m
[0mGET /api/sync/costs/budgets?owner_email=luigi%40lansolver.com [36m304[0m 3.454 ms - -[0m
[0mGET /api/sync/costs/expenses?owner_email=luigi%40lansolver.com [32m200[0m 2.926 ms - 244[0m
[0mGET /api/sync/costs/recurring?owner_email=luigi%40lansolver.com [32m200[0m 2.054 ms - 649[0m
[0mGET /api/sync/costs/budgets?owner_email=luigi%40lansolver.com [36m304[0m 4.018 ms - -[0m
[0mGET /api/sync/insurance?owner_email=luigi%40lansolver.com [32m200[0m 3.982 ms - 1369[0m
[0mGET /api/sync/insurance?owner_email=luigi%40lansolver.com [32m200[0m 5.903 ms - 1369[0m
[0mGET /api/sync/asset_docs?owner_email=luigi%40lansolver.com [32m200[0m 6.211 ms - 1146[0m
[0mGET /api/sync/stock/movements?owner_email=luigi%40lansolver.com [36m304[0m 1.479 ms - -[0m
[0mGET /api/sync/stock/movements?owner_email=luigi%40lansolver.com [36m304[0m 1.023 ms - -[0m
[0mGET /api/providers?page=1&limit=20 [36m304[0m 5.438 ms - -[0m
[0mGET /api/sync/costs/recurring?owner_email=luigi%40lansolver.com [32m200[0m 8.532 ms - 649[0m
[0mGET /api/sync/costs/expenses?owner_email=luigi%40lansolver.com [32m200[0m 9.429 ms - 244[0m
[0mGET /api/sync/insurance?owner_email=luigi%40lansolver.com [32m200[0m 5.297 ms - 1369[0m
[0mGET /api/sync/costs/budgets?owner_email=luigi%40lansolver.com [36m304[0m 6.018 ms - -[0m
[0mGET /api/sync/stock/movements?owner_email=luigi%40lansolver.com [36m304[0m 5.911 ms - -[0m
[0mGET /api/sync/asset_docs?owner_email=luigi%40lansolver.com [32m200[0m 1.420 ms - 1146[0m
[0mGET /api/sync/assets [32m200[0m 6.112 ms - 2[0m
[0mGET /api/sync/assets [32m200[0m 4.711 ms - 2[0m
[0mGET /api/config [32m200[0m 1.458 ms - 417[0m
[0mGET /api/config [32m200[0m 3.546 ms - 417[0m
[0mGET /api/sync/assets [36m304[0m 2.479 ms - -[0m
[0mGET /api/config [32m200[0m 2.405 ms - 417[0m
[0mGET /api/sync/stock/items?owner_email=luigi%40lansolver.com [36m304[0m 99.081 ms - -[0m
[0mGET /api/sync/vault?owner_email=luigi%40lansolver.com [36m304[0m 73.554 ms - -[0m
[0mGET /api/sync/maintenances?owner_email=luigi%40lansolver.com [36m304[0m 75.834 ms - -[0m
[0mGET /api/sync/media?owner_email=luigi%40lansolver.com [36m304[0m 1.319 ms - -[0m
[0mPOST /api/sync/insurance?owner_email=luigi%40lansolver.com [32m200[0m 90.041 ms - 21[0m
[0mPOST /api/sync/costs/recurring?owner_email=luigi%40lansolver.com [32m200[0m 90.928 ms - 21[0m
[0mPOST /api/sync/costs/expenses?owner_email=luigi%40lansolver.com [32m200[0m 91.749 ms - 21[0m
[0mGET /api/sync/stock/movements?owner_email=luigi%40lansolver.com [36m304[0m 1.157 ms - -[0m
[0mPOST /api/sync/asset_docs?owner_email=luigi%40lansolver.com [32m200[0m 10.410 ms - 21[0m
[0mGET /api/sync/insurance?owner_email=luigi%40lansolver.com [32m200[0m 2.087 ms - 1369[0m
[0mGET /api/sync/costs/expenses?owner_email=luigi%40lansolver.com [32m200[0m 1.796 ms - 244[0m
[0mGET /api/sync/costs/recurring?owner_email=luigi%40lansolver.com [32m200[0m 1.675 ms - 649[0m
[0mGET /api/sync/costs/budgets?owner_email=luigi%40lansolver.com [36m304[0m 1.494 ms - -[0m
[0mGET /api/sync/asset_docs?owner_email=luigi%40lansolver.com [32m200[0m 1.849 ms - 1146[0m
[0mGET /api/sync/assets [36m304[0m 4.637 ms - -[0m
[0mGET /api/config [32m200[0m 4.354 ms - 417[0m
[0mGET /api/shares/pending [36m304[0m 1.824 ms - -[0m
[0mGET /api/providers?page=1&limit=20 [36m304[0m 11.962 ms - -[0m
[0mGET /api/shares/pending [36m304[0m 9.026 ms - -[0m
[0mGET /api/providers?page=1&limit=20 [36m304[0m 49.407 ms - -[0m
[0mGET /api/sync/stock/items?owner_email=luigi%40lansolver.com [0m-[0m - ms - -[0m
[0mPOST /api/sync/costs/recurring?owner_email=luigi%40lansolver.com [0m-[0m - ms - -[0m
[0mPOST /api/sync/insurance?owner_email=luigi%40lansolver.com [0m-[0m - ms - -[0m
[0mGET /api/sync/maintenances?owner_email=luigi%40lansolver.com [0m-[0m - ms - -[0m
[0mGET /api/sync/vault?owner_email=luigi%40lansolver.com [0m-[0m - ms - -[0m
[0mPOST /api/sync/costs/expenses?owner_email=luigi%40lansolver.com [32m200[0m 133.993 ms - 21[0m
[0mGET /api/sync/stock/items?owner_email=luigi%40lansolver.com [0m-[0m - ms - -[0m
[0mGET /api/sync/maintenances?owner_email=luigi%40lansolver.com [0m-[0m - ms - -[0m
[0mGET /api/sync/vault?owner_email=luigi%40lansolver.com [0m-[0m - ms - -[0m
[0mGET /api/sync/insurance?owner_email=luigi%40lansolver.com [0m-[0m - ms - -[0m
[0mPOST /api/sync/asset_docs?owner_email=luigi%40lansolver.com [0m-[0m - ms - -[0m
[0mGET /api/sync/media?owner_email=luigi%40lansolver.com [0m-[0m - ms - -[0m
[0mGET /api/sync/costs/expenses?owner_email=luigi%40lansolver.com [36m304[0m 4.948 ms - -[0m
[0mGET /api/sync/costs/recurring?owner_email=luigi%40lansolver.com [36m304[0m 2.491 ms - -[0m
[0mGET /api/sync/costs/budgets?owner_email=luigi%40lansolver.com [36m304[0m 2.181 ms - -[0m
[0mGET /api/sync/maintenances?owner_email=luigi%40lansolver.com [32m200[0m 1.169 ms - 2[0m
[0mGET /api/sync/vault?owner_email=luigi%40lansolver.com [32m200[0m 1.118 ms - 2[0m
[0mGET /api/sync/stock/items?owner_email=luigi%40lansolver.com [32m200[0m 1.243 ms - 2[0m
[0mGET /api/sync/asset_docs?owner_email=luigi%40lansolver.com [36m304[0m 1.542 ms - -[0m
[0mGET /api/sync/stock/movements?owner_email=luigi%40lansolver.com [36m304[0m 1.774 ms - -[0m
[0mGET /api/sync/media?owner_email=luigi%40lansolver.com [32m200[0m 43.991 ms - 2[0m
[0mGET /api/sync/insurance?owner_email=luigi%40lansolver.com [32m200[0m 38.540 ms - 1369[0m
[0mGET /api/sync/assets [32m200[0m 19.636 ms - 421[0m
[0mGET /api/config [32m200[0m 10.768 ms - 417[0m
[0mGET /api/sync/maintenances?owner_email=luigi%40lansolver.com [36m304[0m 44.060 ms - -[0m
[0mGET /api/sync/stock/items?owner_email=luigi%40lansolver.com [36m304[0m 60.918 ms - -[0m
[0mGET /api/sync/vault?owner_email=luigi%40lansolver.com [36m304[0m 51.336 ms - -[0m
[0mPOST /api/sync/costs/expenses?owner_email=luigi%40lansolver.com [32m200[0m 94.518 ms - 21[0m
[0mPOST /api/sync/costs/recurring?owner_email=luigi%40lansolver.com [32m200[0m 69.688 ms - 21[0m
[0mPOST /api/sync/insurance?owner_email=luigi%40lansolver.com [32m200[0m 57.276 ms - 21[0m
[0mGET /api/sync/media?owner_email=luigi%40lansolver.com [36m304[0m 3.262 ms - -[0m
[0mPOST /api/sync/asset_docs?owner_email=luigi%40lansolver.com [32m200[0m 5.252 ms - 21[0m
[0mGET /api/sync/stock/movements?owner_email=luigi%40lansolver.com [36m304[0m 1.401 ms - -[0m
[0mGET /api/sync/costs/expenses?owner_email=luigi%40lansolver.com [32m200[0m 1.574 ms - 244[0m
[0mGET /api/sync/costs/recurring?owner_email=luigi%40lansolver.com [32m200[0m 1.197 ms - 649[0m
[0mGET /api/sync/costs/budgets?owner_email=luigi%40lansolver.com [36m304[0m 1.093 ms - -[0m
[0mGET /api/sync/insurance?owner_email=luigi%40lansolver.com [32m200[0m 1.304 ms - 1369[0m
[0mGET /api/sync/asset_docs?owner_email=luigi%40lansolver.com [32m200[0m 1.353 ms - 1146[0m
[0mGET /api/sync/assets [36m304[0m 12.889 ms - -[0m
[0mGET /api/config [32m200[0m 3.587 ms - 417[0m
[0mGET /api/shares/pending [36m304[0m 2.709 ms - -[0m
[0mGET /api/providers?page=1&limit=20 [36m304[0m 23.840 ms - -[0m
prisma:error 
Invalid `prisma.asset.upsert()` invocation:

{
  where: {
    id: "brsp-038569"
  },
  create: {
    id: "brsp-038569",
    tenantId: "cmn6sf2we004g5epyw7uxjo73",
    title: "Yaris",
    type: "VEHICLE",
          ~~~~~~~~~
    status: "OPERACIONAL",
    imageUrl: null,
    parentId: null,
    metadata: {
      inventoryId: "",
      brand: "",
      model: "",
      serialNumber: "",
      costCenter: "",
      acquisitionValue: "",
      cep: "",
      street: "",
      streetNumber: "",
      complement: "",
      neighborhood: "",
      city: "",
      state: "",
      gpsCoordinates: "",
      owner: "",
      department: "",
      customFields: [],
      photos: []
    }
  },
  update: {
    title: "Yaris",
    status: "OPERACIONAL",
    imageUrl: null,
    parentId: null,
    metadata: {
      inventoryId: "",
      brand: "",
      model: "",
      serialNumber: "",
      costCenter: "",
      acquisitionValue: "",
      cep: "",
      street: "",
      streetNumber: "",
      complement: "",
      neighborhood: "",
      city: "",
      state: "",
      gpsCoordinates: "",
      owner: "",
      department: "",
      customFields: [],
      photos: []
    }
  }
}

Invalid value for argument `type`. Expected AssetType.
[sync/push] Erro ao processar item CREATE_ASSET: PrismaClientValidationError: 
Invalid `prisma.asset.upsert()` invocation:

{
  where: {
    id: "brsp-038569"
  },
  create: {
    id: "brsp-038569",
    tenantId: "cmn6sf2we004g5epyw7uxjo73",
    title: "Yaris",
    type: "VEHICLE",
          ~~~~~~~~~
    status: "OPERACIONAL",
    imageUrl: null,
    parentId: null,
    metadata: {
      inventoryId: "",
      brand: "",
      model: "",
      serialNumber: "",
      costCenter: "",
      acquisitionValue: "",
      cep: "",
      street: "",
      streetNumber: "",
      complement: "",
      neighborhood: "",
      city: "",
      state: "",
      gpsCoordinates: "",
      owner: "",
      department: "",
      customFields: [],
      photos: []
    }
  },
  update: {
    title: "Yaris",
    status: "OPERACIONAL",
    imageUrl: null,
    parentId: null,
    metadata: {
      inventoryId: "",
      brand: "",
      model: "",
      serialNumber: "",
      costCenter: "",
      acquisitionValue: "",
      cep: "",
      street: "",
      streetNumber: "",
      complement: "",
      neighborhood: "",
      city: "",
      state: "",
      gpsCoordinates: "",
      owner: "",
      department: "",
      customFields: [],
      photos: []
    }
  }
}

Invalid value for argument `type`. Expected AssetType.
    at wn (/Users/alex/Lansolver Dropbox/Alex Benedito/antigravity/BrsparkMobile/admin-panel/backend/node_modules/@prisma/client/runtime/library.js:29:1363)
    at $n.handleRequestError (/Users/alex/Lansolver Dropbox/Alex Benedito/antigravity/BrsparkMobile/admin-panel/backend/node_modules/@prisma/client/runtime/library.js:121:6958)
    at $n.handleAndLogRequestError (/Users/alex/Lansolver Dropbox/Alex Benedito/antigravity/BrsparkMobile/admin-panel/backend/node_modules/@prisma/client/runtime/library.js:121:6623)
    at $n.request (/Users/alex/Lansolver Dropbox/Alex Benedito/antigravity/BrsparkMobile/admin-panel/backend/node_modules/@prisma/client/runtime/library.js:121:6307)
    at async l (/Users/alex/Lansolver Dropbox/Alex Benedito/antigravity/BrsparkMobile/admin-panel/backend/node_modules/@prisma/client/runtime/library.js:130:9633)
    at async /Users/alex/Lansolver Dropbox/Alex Benedito/antigravity/BrsparkMobile/admin-panel/backend/src/routes/sync.js:97:13 {
  clientVersion: '5.22.0'
}
[0mPOST /api/sync/push [32m200[0m 28.585 ms - 35[0m
[0mGET /api/shares/pending [36m304[0m 27.081 ms - -[0m
[0mGET /api/sync/stock/items?owner_email=luigi%40lansolver.com [36m304[0m 2.254 ms - -[0m
[0mPOST /api/sync/costs/expenses?owner_email=luigi%40lansolver.com [32m200[0m 5.621 ms - 21[0m
[0mPOST /api/sync/costs/recurring?owner_email=luigi%40lansolver.com [32m200[0m 2.781 ms - 21[0m
[0mPOST /api/sync/insurance?owner_email=luigi%40lansolver.com [32m200[0m 3.164 ms - 21[0m
[0mGET /api/providers?page=1&limit=20 [36m304[0m 2.332 ms - -[0m
[0mGET /api/sync/maintenances?owner_email=luigi%40lansolver.com [36m304[0m 3.159 ms - -[0m
[0mGET /api/sync/vault?owner_email=luigi%40lansolver.com [36m304[0m 1.742 ms - -[0m
[0mGET /api/sync/media?owner_email=luigi%40lansolver.com [36m304[0m 1.437 ms - -[0m
[0mPOST /api/sync/asset_docs?owner_email=luigi%40lansolver.com [32m200[0m 2.772 ms - 21[0m
[0mGET /api/sync/costs/recurring?owner_email=luigi%40lansolver.com [32m200[0m 4.668 ms - 649[0m
[0mGET /api/sync/costs/expenses?owner_email=luigi%40lansolver.com [32m200[0m 5.030 ms - 244[0m
[0mGET /api/sync/costs/budgets?owner_email=luigi%40lansolver.com [36m304[0m 4.782 ms - -[0m
[0mGET /api/sync/asset_docs?owner_email=luigi%40lansolver.com [32m200[0m 5.084 ms - 1146[0m
[0mGET /api/sync/stock/movements?owner_email=luigi%40lansolver.com [36m304[0m 3.018 ms - -[0m
[0mGET /api/sync/insurance?owner_email=luigi%40lansolver.com [32m200[0m 7.090 ms - 1369[0m
[0mGET /api/sync/assets [36m304[0m 14.336 ms - -[0m
[0mGET /api/config [32m200[0m 3.306 ms - 417[0m
[0mGET /api/shares/pending [36m304[0m 6.905 ms - -[0m
[0mGET /api/providers?page=1&limit=20 [36m304[0m 13.045 ms - -[0m
[0mGET /api/2fa/status [33m404[0m 1.886 ms - 27[0m
[0mGET /api/2fa/status [33m404[0m 0.404 ms - 27[0m
[0mGET /api/sync/assets [33m401[0m 0.072 ms - 33[0m
[0mGET /api/config [32m200[0m 6.627 ms - 417[0m
[0mPOST /api/login [32m200[0m 130.947 ms - 533[0m
[0mGET /api/sync/stock/items?owner_email=luigi%40lansolver.com [36m304[0m 3.204 ms - -[0m
[0mGET /api/sync/vault?owner_email=luigi%40lansolver.com [36m304[0m 1.668 ms - -[0m
[0mGET /api/sync/stock/items?owner_email=luigi%40lansolver.com [36m304[0m 4.009 ms - -[0m
[0mGET /api/sync/maintenances?owner_email=luigi%40lansolver.com [36m304[0m 1.437 ms - -[0m
[0mPOST /api/sync/insurance?owner_email=luigi%40lansolver.com [32m200[0m 4.014 ms - 21[0m
[0mPOST /api/sync/costs/recurring?owner_email=luigi%40lansolver.com [32m200[0m 4.573 ms - 21[0m
[0mPOST /api/sync/costs/expenses?owner_email=luigi%40lansolver.com [32m200[0m 5.407 ms - 21[0m
[0mGET /api/sync/media?owner_email=luigi%40lansolver.com [36m304[0m 1.232 ms - -[0m
[0mGET /api/sync/maintenances?owner_email=luigi%40lansolver.com [36m304[0m 1.753 ms - -[0m
[0mPOST /api/sync/asset_docs?owner_email=luigi%40lansolver.com [32m200[0m 4.195 ms - 21[0m
[0mPOST /api/sync/costs/expenses?owner_email=luigi%40lansolver.com [32m200[0m 8.341 ms - 21[0m
[0mPOST /api/sync/insurance?owner_email=luigi%40lansolver.com [32m200[0m 10.876 ms - 21[0m
[0mGET /api/sync/vault?owner_email=luigi%40lansolver.com [36m304[0m 9.143 ms - -[0m
[0mGET /api/sync/media?owner_email=luigi%40lansolver.com [36m304[0m 3.178 ms - -[0m
[0mPOST /api/sync/costs/recurring?owner_email=luigi%40lansolver.com [32m200[0m 11.852 ms - 21[0m
[0mPOST /api/sync/asset_docs?owner_email=luigi%40lansolver.com [32m200[0m 3.277 ms - 21[0m
[0mGET /api/shares/pending [36m304[0m 9.762 ms - -[0m
[0mGET /api/sync/stock/items?owner_email=luigi%40lansolver.com [36m304[0m 10.235 ms - -[0m
[0mGET /api/sync/maintenances?owner_email=luigi%40lansolver.com [36m304[0m 3.833 ms - -[0m
[0mPOST /api/sync/costs/recurring?owner_email=luigi%40lansolver.com [32m200[0m 7.819 ms - 21[0m
[0mPOST /api/sync/costs/expenses?owner_email=luigi%40lansolver.com [32m200[0m 8.782 ms - 21[0m
[0mGET /api/sync/vault?owner_email=luigi%40lansolver.com [36m304[0m 2.206 ms - -[0m
[0mGET /api/sync/media?owner_email=luigi%40lansolver.com [36m304[0m 2.523 ms - -[0m
[0mGET /api/sync/insurance?owner_email=luigi%40lansolver.com [32m200[0m 7.763 ms - 1369[0m
[0mGET /api/sync/costs/expenses?owner_email=luigi%40lansolver.com [32m200[0m 9.322 ms - 244[0m
[0mPOST /api/sync/insurance?owner_email=luigi%40lansolver.com [32m200[0m 27.999 ms - 21[0m
[0mGET /api/sync/costs/recurring?owner_email=luigi%40lansolver.com [32m200[0m 4.489 ms - 649[0m
[0mGET /api/sync/costs/budgets?owner_email=luigi%40lansolver.com [36m304[0m 3.815 ms - -[0m
[0mGET /api/sync/asset_docs?owner_email=luigi%40lansolver.com [32m200[0m 3.960 ms - 1146[0m
[0mPOST /api/sync/asset_docs?owner_email=luigi%40lansolver.com [32m200[0m 22.784 ms - 21[0m
[0mGET /api/sync/costs/expenses?owner_email=luigi%40lansolver.com [32m200[0m 1.709 ms - 244[0m
[0mGET /api/sync/insurance?owner_email=luigi%40lansolver.com [32m200[0m 1.605 ms - 1369[0m
[0mGET /api/sync/costs/recurring?owner_email=luigi%40lansolver.com [32m200[0m 1.867 ms - 649[0m
[0mGET /api/sync/costs/budgets?owner_email=luigi%40lansolver.com [36m304[0m 2.017 ms - -[0m
[0mGET /api/sync/asset_docs?owner_email=luigi%40lansolver.com [32m200[0m 2.623 ms - 1146[0m
[0mGET /api/sync/stock/movements?owner_email=luigi%40lansolver.com [36m304[0m 2.280 ms - -[0m
[0mGET /api/sync/stock/movements?owner_email=luigi%40lansolver.com [36m304[0m 3.438 ms - -[0m
[0mGET /api/providers?page=1&limit=20 [36m304[0m 7.521 ms - -[0m
[0mGET /api/sync/costs/recurring?owner_email=luigi%40lansolver.com [32m200[0m 7.262 ms - 649[0m
[0mGET /api/sync/costs/expenses?owner_email=luigi%40lansolver.com [32m200[0m 7.226 ms - 244[0m
[0mGET /api/sync/costs/budgets?owner_email=luigi%40lansolver.com [36m304[0m 6.213 ms - -[0m
[0mGET /api/sync/stock/movements?owner_email=luigi%40lansolver.com [36m304[0m 8.826 ms - -[0m
[0mGET /api/sync/insurance?owner_email=luigi%40lansolver.com [32m200[0m 7.823 ms - 1369[0m
[0mGET /api/sync/asset_docs?owner_email=luigi%40lansolver.com [36m304[0m 6.105 ms - -[0m
[0mGET /api/sync/assets [32m200[0m 2.490 ms - 421[0m
[0mGET /api/sync/assets [36m304[0m 4.340 ms - -[0m
[0mGET /api/sync/assets [36m304[0m 5.305 ms - -[0m
[0mGET /api/config [32m200[0m 1.395 ms - 417[0m
[0mGET /api/config [32m200[0m 1.252 ms - 417[0m
[0mGET /api/config [32m200[0m 41.511 ms - 417[0m
[0mGET /api/me [32m200[0m 22.324 ms - 616[0m
[0mGET /api/shares/pending [36m304[0m 2.185 ms - -[0m
[0mGET /api/sync/stock/items?owner_email=luigi%40lansolver.com [36m304[0m 2.753 ms - -[0m
[0mGET /api/sync/maintenances?owner_email=luigi%40lansolver.com [36m304[0m 4.244 ms - -[0m
[0mPOST /api/sync/asset_docs?owner_email=luigi%40lansolver.com [32m200[0m 13.111 ms - 21[0m
[0mPOST /api/sync/costs/recurring?owner_email=luigi%40lansolver.com [32m200[0m 14.487 ms - 21[0m
[0mPOST /api/sync/insurance?owner_email=luigi%40lansolver.com [32m200[0m 14.263 ms - 21[0m
[0mPOST /api/sync/costs/expenses?owner_email=luigi%40lansolver.com [32m200[0m 16.350 ms - 21[0m
[0mGET /api/sync/vault?owner_email=luigi%40lansolver.com [36m304[0m 8.555 ms - -[0m
[0mGET /api/sync/media?owner_email=luigi%40lansolver.com [36m304[0m 4.599 ms - -[0m
[0mGET /api/sync/stock/items?owner_email=luigi%40lansolver.com [36m304[0m 5.817 ms - -[0m
[0mGET /api/sync/maintenances?owner_email=luigi%40lansolver.com [36m304[0m 4.492 ms - -[0m
[0mGET /api/sync/vault?owner_email=luigi%40lansolver.com [36m304[0m 4.329 ms - -[0m
[0mPOST /api/sync/costs/recurring?owner_email=luigi%40lansolver.com [32m200[0m 6.669 ms - 21[0m
[0mPOST /api/sync/insurance?owner_email=luigi%40lansolver.com [32m200[0m 8.028 ms - 21[0m
[0mGET /api/sync/media?owner_email=luigi%40lansolver.com [36m304[0m 4.263 ms - -[0m
[0mGET /api/sync/stock/movements?owner_email=luigi%40lansolver.com [36m304[0m 3.354 ms - -[0m
[0mGET /api/sync/insurance?owner_email=luigi%40lansolver.com [32m200[0m 9.399 ms - 1369[0m
[0mGET /api/sync/costs/expenses?owner_email=luigi%40lansolver.com [32m200[0m 9.560 ms - 244[0m
[0mGET /api/sync/asset_docs?owner_email=luigi%40lansolver.com [32m200[0m 21.771 ms - 1146[0m
[0mGET /api/providers?page=1&limit=20 [36m304[0m 23.984 ms - -[0m
[0mPOST /api/sync/asset_docs?owner_email=luigi%40lansolver.com [32m200[0m 32.422 ms - 21[0m
[0mGET /api/sync/costs/recurring?owner_email=luigi%40lansolver.com [32m200[0m 1.672 ms - 649[0m
[0mGET /api/sync/stock/movements?owner_email=luigi%40lansolver.com [36m304[0m 2.342 ms - -[0m
[0mGET /api/sync/costs/budgets?owner_email=luigi%40lansolver.com [36m304[0m 2.433 ms - -[0m
[0mGET /api/sync/insurance?owner_email=luigi%40lansolver.com [32m200[0m 2.391 ms - 1369[0m
[0mPOST /api/sync/costs/expenses?owner_email=luigi%40lansolver.com [32m200[0m 69.688 ms - 21[0m
[0mGET /api/sync/asset_docs?owner_email=luigi%40lansolver.com [32m200[0m 1.559 ms - 1146[0m
[0mGET /api/sync/costs/expenses?owner_email=luigi%40lansolver.com [32m200[0m 6.060 ms - 244[0m
[0mGET /api/sync/costs/recurring?owner_email=luigi%40lansolver.com [36m304[0m 1.709 ms - -[0m
[0mGET /api/sync/costs/budgets?owner_email=luigi%40lansolver.com [36m304[0m 1.607 ms - -[0m
[0mGET /api/sync/assets [36m304[0m 20.503 ms - -[0m
[0mGET /api/sync/assets [36m304[0m 2.251 ms - -[0m
[0mGET /api/config [32m200[0m 1.506 ms - 417[0m
[0mGET /api/config [32m200[0m 3.435 ms - 417[0m
prisma:error 
Invalid `prisma.asset.upsert()` invocation:

{
  where: {
    id: "brsp-397723"
  },
  create: {
    id: "brsp-397723",
    tenantId: "cmn6sf2we004g5epyw7uxjo73",
    title: "Yaris",
    type: "VEHICLE",
          ~~~~~~~~~
    status: "OPERACIONAL",
    imageUrl: null,
    parentId: null,
    metadata: {
      inventoryId: "",
      brand: "",
      model: "",
      serialNumber: "",
      costCenter: "",
      acquisitionValue: "",
      cep: "",
      street: "",
      streetNumber: "",
      complement: "",
      neighborhood: "",
      city: "",
      state: "",
      gpsCoordinates: "",
      owner: "",
      department: "",
      customFields: [],
      photos: []
    }
  },
  update: {
    title: "Yaris",
    status: "OPERACIONAL",
    imageUrl: null,
    parentId: null,
    metadata: {
      inventoryId: "",
      brand: "",
      model: "",
      serialNumber: "",
      costCenter: "",
      acquisitionValue: "",
      cep: "",
      street: "",
      streetNumber: "",
      complement: "",
      neighborhood: "",
      city: "",
      state: "",
      gpsCoordinates: "",
      owner: "",
      department: "",
      customFields: [],
      photos: []
    }
  }
}

Invalid value for argument `type`. Expected AssetType.
[sync/push] Erro ao processar item CREATE_ASSET: PrismaClientValidationError: 
Invalid `prisma.asset.upsert()` invocation:

{
  where: {
    id: "brsp-397723"
  },
  create: {
    id: "brsp-397723",
    tenantId: "cmn6sf2we004g5epyw7uxjo73",
    title: "Yaris",
    type: "VEHICLE",
          ~~~~~~~~~
    status: "OPERACIONAL",
    imageUrl: null,
    parentId: null,
    metadata: {
      inventoryId: "",
      brand: "",
      model: "",
      serialNumber: "",
      costCenter: "",
      acquisitionValue: "",
      cep: "",
      street: "",
      streetNumber: "",
      complement: "",
      neighborhood: "",
      city: "",
      state: "",
      gpsCoordinates: "",
      owner: "",
      department: "",
      customFields: [],
      photos: []
    }
  },
  update: {
    title: "Yaris",
    status: "OPERACIONAL",
    imageUrl: null,
    parentId: null,
    metadata: {
      inventoryId: "",
      brand: "",
      model: "",
      serialNumber: "",
      costCenter: "",
      acquisitionValue: "",
      cep: "",
      street: "",
      streetNumber: "",
      complement: "",
      neighborhood: "",
      city: "",
      state: "",
      gpsCoordinates: "",
      owner: "",
      department: "",
      customFields: [],
      photos: []
    }
  }
}

Invalid value for argument `type`. Expected AssetType.
    at wn (/Users/alex/Lansolver Dropbox/Alex Benedito/antigravity/BrsparkMobile/admin-panel/backend/node_modules/@prisma/client/runtime/library.js:29:1363)
    at $n.handleRequestError (/Users/alex/Lansolver Dropbox/Alex Benedito/antigravity/BrsparkMobile/admin-panel/backend/node_modules/@prisma/client/runtime/library.js:121:6958)
    at $n.handleAndLogRequestError (/Users/alex/Lansolver Dropbox/Alex Benedito/antigravity/BrsparkMobile/admin-panel/backend/node_modules/@prisma/client/runtime/library.js:121:6623)
    at $n.request (/Users/alex/Lansolver Dropbox/Alex Benedito/antigravity/BrsparkMobile/admin-panel/backend/node_modules/@prisma/client/runtime/library.js:121:6307)
    at async l (/Users/alex/Lansolver Dropbox/Alex Benedito/antigravity/BrsparkMobile/admin-panel/backend/node_modules/@prisma/client/runtime/library.js:130:9633)
    at async /Users/alex/Lansolver Dropbox/Alex Benedito/antigravity/BrsparkMobile/admin-panel/backend/src/routes/sync.js:97:13 {
  clientVersion: '5.22.0'
}
[0mPOST /api/sync/push [32m200[0m 7.235 ms - 35[0m
prisma:error 
Invalid `prisma.asset.upsert()` invocation:

{
  where: {
    id: "brsp-397723"
  },
  create: {
    id: "brsp-397723",
    tenantId: "cmn6sf2we004g5epyw7uxjo73",
    title: "Yaris",
    type: "VEHICLE",
          ~~~~~~~~~
    status: "OPERACIONAL",
    imageUrl: null,
    parentId: null,
    metadata: {
      inventoryId: "",
      brand: "",
      model: "",
      serialNumber: "",
      costCenter: "",
      acquisitionValue: "",
      cep: "",
      street: "",
      streetNumber: "",
      complement: "",
      neighborhood: "",
      city: "",
      state: "",
      gpsCoordinates: "",
      owner: "",
      department: "",
      customFields: [],
      photos: []
    }
  },
  update: {
    title: "Yaris",
    status: "OPERACIONAL",
    imageUrl: null,
    parentId: null,
    metadata: {
      inventoryId: "",
      brand: "",
      model: "",
      serialNumber: "",
      costCenter: "",
      acquisitionValue: "",
      cep: "",
      street: "",
      streetNumber: "",
      complement: "",
      neighborhood: "",
      city: "",
      state: "",
      gpsCoordinates: "",
      owner: "",
      department: "",
      customFields: [],
      photos: []
    }
  }
}

Invalid value for argument `type`. Expected AssetType.
[sync/push] Erro ao processar item CREATE_ASSET: PrismaClientValidationError: 
Invalid `prisma.asset.upsert()` invocation:

{
  where: {
    id: "brsp-397723"
  },
  create: {
    id: "brsp-397723",
    tenantId: "cmn6sf2we004g5epyw7uxjo73",
    title: "Yaris",
    type: "VEHICLE",
          ~~~~~~~~~
    status: "OPERACIONAL",
    imageUrl: null,
    parentId: null,
    metadata: {
      inventoryId: "",
      brand: "",
      model: "",
      serialNumber: "",
      costCenter: "",
      acquisitionValue: "",
      cep: "",
      street: "",
      streetNumber: "",
      complement: "",
      neighborhood: "",
      city: "",
      state: "",
      gpsCoordinates: "",
      owner: "",
      department: "",
      customFields: [],
      photos: []
    }
  },
  update: {
    title: "Yaris",
    status: "OPERACIONAL",
    imageUrl: null,
    parentId: null,
    metadata: {
      inventoryId: "",
      brand: "",
      model: "",
      serialNumber: "",
      costCenter: "",
      acquisitionValue: "",
      cep: "",
      street: "",
      streetNumber: "",
      complement: "",
      neighborhood: "",
      city: "",
      state: "",
      gpsCoordinates: "",
      owner: "",
      department: "",
      customFields: [],
      photos: []
    }
  }
}

Invalid value for argument `type`. Expected AssetType.
    at wn (/Users/alex/Lansolver Dropbox/Alex Benedito/antigravity/BrsparkMobile/admin-panel/backend/node_modules/@prisma/client/runtime/library.js:29:1363)
    at $n.handleRequestError (/Users/alex/Lansolver Dropbox/Alex Benedito/antigravity/BrsparkMobile/admin-panel/backend/node_modules/@prisma/client/runtime/library.js:121:6958)
    at $n.handleAndLogRequestError (/Users/alex/Lansolver Dropbox/Alex Benedito/antigravity/BrsparkMobile/admin-panel/backend/node_modules/@prisma/client/runtime/library.js:121:6623)
    at $n.request (/Users/alex/Lansolver Dropbox/Alex Benedito/antigravity/BrsparkMobile/admin-panel/backend/node_modules/@prisma/client/runtime/library.js:121:6307)
    at async l (/Users/alex/Lansolver Dropbox/Alex Benedito/antigravity/BrsparkMobile/admin-panel/backend/node_modules/@prisma/client/runtime/library.js:130:9633)
    at async /Users/alex/Lansolver Dropbox/Alex Benedito/antigravity/BrsparkMobile/admin-panel/backend/src/routes/sync.js:97:13 {
  clientVersion: '5.22.0'
}
[0mPOST /api/sync/push [32m200[0m 2.230 ms - 35[0m
[0mGET /api/shares/pending [36m304[0m 3.344 ms - -[0m
[0mGET /api/sync/stock/items?owner_email=luigi%40lansolver.com [36m304[0m 3.723 ms - -[0m
[0mGET /api/providers?page=1&limit=20 [36m304[0m 5.305 ms - -[0m
[0mGET /api/sync/vault?owner_email=luigi%40lansolver.com [36m304[0m 3.510 ms - -[0m
[0mGET /api/sync/media?owner_email=luigi%40lansolver.com [36m304[0m 2.438 ms - -[0m
[0mPOST /api/sync/costs/expenses?owner_email=luigi%40lansolver.com [32m200[0m 5.565 ms - 21[0m
[0mPOST /api/sync/costs/recurring?owner_email=luigi%40lansolver.com [32m200[0m 4.632 ms - 21[0m
[0mPOST /api/sync/insurance?owner_email=luigi%40lansolver.com [32m200[0m 3.946 ms - 21[0m
[0mGET /api/sync/maintenances?owner_email=luigi%40lansolver.com [36m304[0m 6.793 ms - -[0m
[0mPOST /api/sync/asset_docs?owner_email=luigi%40lansolver.com [32m200[0m 3.676 ms - 21[0m
[0mGET /api/sync/costs/expenses?owner_email=luigi%40lansolver.com [32m200[0m 2.895 ms - 244[0m
[0mGET /api/sync/costs/recurring?owner_email=luigi%40lansolver.com [32m200[0m 2.034 ms - 649[0m
[0mGET /api/sync/insurance?owner_email=luigi%40lansolver.com [32m200[0m 1.717 ms - 1369[0m
[0mGET /api/sync/asset_docs?owner_email=luigi%40lansolver.com [32m200[0m 1.657 ms - 1146[0m
[0mGET /api/sync/stock/movements?owner_email=luigi%40lansolver.com [36m304[0m 1.513 ms - -[0m
[0mGET /api/sync/costs/budgets?owner_email=luigi%40lansolver.com [36m304[0m 2.207 ms - -[0m
[0mGET /api/sync/assets [36m304[0m 4.748 ms - -[0m
[0mGET /api/config [32m200[0m 2.089 ms - 417[0m
prisma:error 
Invalid `prisma.asset.upsert()` invocation:

{
  where: {
    id: "brsp-397723"
  },
  create: {
    id: "brsp-397723",
    tenantId: "cmn6sf2we004g5epyw7uxjo73",
    title: "Yaris",
    type: "VEHICLE",
          ~~~~~~~~~
    status: "OPERACIONAL",
    imageUrl: null,
    parentId: null,
    metadata: {
      inventoryId: "",
      brand: "",
      model: "",
      serialNumber: "",
      costCenter: "",
      acquisitionValue: "",
      cep: "",
      street: "",
      streetNumber: "",
      complement: "",
      neighborhood: "",
      city: "",
      state: "",
      gpsCoordinates: "",
      owner: "",
      department: "",
      customFields: [],
      photos: []
    }
  },
  update: {
    title: "Yaris",
    status: "OPERACIONAL",
    imageUrl: null,
    parentId: null,
    metadata: {
      inventoryId: "",
      brand: "",
      model: "",
      serialNumber: "",
      costCenter: "",
      acquisitionValue: "",
      cep: "",
      street: "",
      streetNumber: "",
      complement: "",
      neighborhood: "",
      city: "",
      state: "",
      gpsCoordinates: "",
      owner: "",
      department: "",
      customFields: [],
      photos: []
    }
  }
}

Invalid value for argument `type`. Expected AssetType.
[sync/push] Erro ao processar item CREATE_ASSET: PrismaClientValidationError: 
Invalid `prisma.asset.upsert()` invocation:

{
  where: {
    id: "brsp-397723"
  },
  create: {
    id: "brsp-397723",
    tenantId: "cmn6sf2we004g5epyw7uxjo73",
    title: "Yaris",
    type: "VEHICLE",
          ~~~~~~~~~
    status: "OPERACIONAL",
    imageUrl: null,
    parentId: null,
    metadata: {
      inventoryId: "",
      brand: "",
      model: "",
      serialNumber: "",
      costCenter: "",
      acquisitionValue: "",
      cep: "",
      street: "",
      streetNumber: "",
      complement: "",
      neighborhood: "",
      city: "",
      state: "",
      gpsCoordinates: "",
      owner: "",
      department: "",
      customFields: [],
      photos: []
    }
  },
  update: {
    title: "Yaris",
    status: "OPERACIONAL",
    imageUrl: null,
    parentId: null,
    metadata: {
      inventoryId: "",
      brand: "",
      model: "",
      serialNumber: "",
      costCenter: "",
      acquisitionValue: "",
      cep: "",
      street: "",
      streetNumber: "",
      complement: "",
      neighborhood: "",
      city: "",
      state: "",
      gpsCoordinates: "",
      owner: "",
      department: "",
      customFields: [],
      photos: []
    }
  }
}

Invalid value for argument `type`. Expected AssetType.
    at wn (/Users/alex/Lansolver Dropbox/Alex Benedito/antigravity/BrsparkMobile/admin-panel/backend/node_modules/@prisma/client/runtime/library.js:29:1363)
    at $n.handleRequestError (/Users/alex/Lansolver Dropbox/Alex Benedito/antigravity/BrsparkMobile/admin-panel/backend/node_modules/@prisma/client/runtime/library.js:121:6958)
    at $n.handleAndLogRequestError (/Users/alex/Lansolver Dropbox/Alex Benedito/antigravity/BrsparkMobile/admin-panel/backend/node_modules/@prisma/client/runtime/library.js:121:6623)
    at $n.request (/Users/alex/Lansolver Dropbox/Alex Benedito/antigravity/BrsparkMobile/admin-panel/backend/node_modules/@prisma/client/runtime/library.js:121:6307)
    at async l (/Users/alex/Lansolver Dropbox/Alex Benedito/antigravity/BrsparkMobile/admin-panel/backend/node_modules/@prisma/client/runtime/library.js:130:9633)
    at async /Users/alex/Lansolver Dropbox/Alex Benedito/antigravity/BrsparkMobile/admin-panel/backend/src/routes/sync.js:97:13 {
  clientVersion: '5.22.0'
}
[0mPOST /api/sync/push [32m200[0m 65.079 ms - 35[0m
[0mGET /api/sync/stock/items?owner_email=luigi%40lansolver.com [36m304[0m 6.413 ms - -[0m
[0mGET /api/sync/media?owner_email=luigi%40lansolver.com [36m304[0m 6.227 ms - -[0m
[0mPOST /api/sync/costs/expenses?owner_email=luigi%40lansolver.com [32m200[0m 18.724 ms - 21[0m
[0mGET /api/sync/maintenances?owner_email=luigi%40lansolver.com [36m304[0m 16.767 ms - -[0m
[0mGET /api/sync/vault?owner_email=luigi%40lansolver.com [36m304[0m 17.949 ms - -[0m
[0mPOST /api/sync/costs/recurring?owner_email=luigi%40lansolver.com [32m200[0m 19.798 ms - 21[0m
[0mPOST /api/sync/insurance?owner_email=luigi%40lansolver.com [32m200[0m 19.026 ms - 21[0m
[0mPOST /api/sync/asset_docs?owner_email=luigi%40lansolver.com [32m200[0m 2.448 ms - 21[0m
[0mGET /api/sync/stock/movements?owner_email=luigi%40lansolver.com [36m304[0m 2.018 ms - -[0m
[0mGET /api/sync/costs/expenses?owner_email=luigi%40lansolver.com [32m200[0m 4.445 ms - 244[0m
[0mGET /api/sync/costs/recurring?owner_email=luigi%40lansolver.com [32m200[0m 4.396 ms - 649[0m
[0mGET /api/sync/costs/budgets?owner_email=luigi%40lansolver.com [36m304[0m 2.192 ms - -[0m
[0mGET /api/sync/asset_docs?owner_email=luigi%40lansolver.com [32m200[0m 2.196 ms - 1146[0m
[0mGET /api/sync/insurance?owner_email=luigi%40lansolver.com [32m200[0m 4.874 ms - 1369[0m
[0mGET /api/sync/assets [36m304[0m 6.410 ms - -[0m
[0mGET /api/config [32m200[0m 3.109 ms - 417[0m
[0mGET /api/shares/pending [36m304[0m 3.381 ms - -[0m
[0mGET /api/providers?page=1&limit=20 [36m304[0m 3.679 ms - -[0m
[0mGET /api/shares/pending [36m304[0m 2.382 ms - -[0m
[0mGET /api/providers?page=1&limit=20 [36m304[0m 3.294 ms - -[0m
[0mGET /api/2fa/status [33m404[0m 0.301 ms - 27[0m
[0mGET /api/2fa/status [33m404[0m 0.187 ms - 27[0m
[0mGET /api/sync/assets [33m401[0m 0.152 ms - 33[0m
[0mGET /api/config [32m200[0m 4.436 ms - 417[0m
[0mPOST /api/login [32m200[0m 110.519 ms - 533[0m
[0mGET /api/sync/stock/items?owner_email=luigi%40lansolver.com [36m304[0m 2.231 ms - -[0m
[0mGET /api/sync/vault?owner_email=luigi%40lansolver.com [36m304[0m 1.565 ms - -[0m
[0mGET /api/sync/stock/items?owner_email=luigi%40lansolver.com [36m304[0m 1.114 ms - -[0m
[0mGET /api/sync/maintenances?owner_email=luigi%40lansolver.com [36m304[0m 2.938 ms - -[0m
[0mPOST /api/sync/costs/expenses?owner_email=luigi%40lansolver.com [32m200[0m 6.313 ms - 21[0m
[0mPOST /api/sync/insurance?owner_email=luigi%40lansolver.com [32m200[0m 7.276 ms - 21[0m
[0mPOST /api/sync/costs/recurring?owner_email=luigi%40lansolver.com [32m200[0m 9.762 ms - 21[0m
[0mGET /api/sync/media?owner_email=luigi%40lansolver.com [36m304[0m 3.646 ms - -[0m
[0mPOST /api/sync/asset_docs?owner_email=luigi%40lansolver.com [32m200[0m 5.740 ms - 21[0m
[0mPOST /api/sync/costs/expenses?owner_email=luigi%40lansolver.com [32m200[0m 3.413 ms - 21[0m
[0mPOST /api/sync/costs/recurring?owner_email=luigi%40lansolver.com [32m200[0m 3.411 ms - 21[0m
[0mGET /api/sync/maintenances?owner_email=luigi%40lansolver.com [36m304[0m 1.024 ms - -[0m
[0mGET /api/sync/vault?owner_email=luigi%40lansolver.com [36m304[0m 0.947 ms - -[0m
[0mPOST /api/sync/insurance?owner_email=luigi%40lansolver.com [32m200[0m 2.083 ms - 21[0m
[0mGET /api/sync/media?owner_email=luigi%40lansolver.com [36m304[0m 1.280 ms - -[0m
[0mPOST /api/sync/asset_docs?owner_email=luigi%40lansolver.com [32m200[0m 2.787 ms - 21[0m
[0mGET /api/sync/stock/items?owner_email=luigi%40lansolver.com [36m304[0m 1.565 ms - -[0m
[0mGET /api/shares/pending [36m304[0m 2.053 ms - -[0m
[0mGET /api/sync/maintenances?owner_email=luigi%40lansolver.com [36m304[0m 1.172 ms - -[0m
[0mPOST /api/sync/costs/expenses?owner_email=luigi%40lansolver.com [32m200[0m 3.180 ms - 21[0m
[0mPOST /api/sync/costs/recurring?owner_email=luigi%40lansolver.com [32m200[0m 2.266 ms - 21[0m
[0mPOST /api/sync/insurance?owner_email=luigi%40lansolver.com [32m200[0m 4.650 ms - 21[0m
[0mGET /api/sync/media?owner_email=luigi%40lansolver.com [36m304[0m 1.416 ms - -[0m
[0mGET /api/sync/vault?owner_email=luigi%40lansolver.com [36m304[0m 1.224 ms - -[0m
[0mGET /api/sync/insurance?owner_email=luigi%40lansolver.com [32m200[0m 1.909 ms - 1369[0m
[0mGET /api/sync/costs/expenses?owner_email=luigi%40lansolver.com [32m200[0m 1.787 ms - 244[0m
[0mPOST /api/sync/asset_docs?owner_email=luigi%40lansolver.com [32m200[0m 2.641 ms - 21[0m
[0mGET /api/sync/costs/recurring?owner_email=luigi%40lansolver.com [32m200[0m 2.586 ms - 649[0m
[0mGET /api/sync/asset_docs?owner_email=luigi%40lansolver.com [32m200[0m 1.857 ms - 1146[0m
[0mGET /api/sync/costs/budgets?owner_email=luigi%40lansolver.com [36m304[0m 1.765 ms - -[0m
[0mGET /api/sync/costs/expenses?owner_email=luigi%40lansolver.com [32m200[0m 1.307 ms - 244[0m
[0mGET /api/sync/costs/recurring?owner_email=luigi%40lansolver.com [32m200[0m 1.233 ms - 649[0m
[0mGET /api/sync/costs/budgets?owner_email=luigi%40lansolver.com [36m304[0m 1.357 ms - -[0m
[0mGET /api/sync/insurance?owner_email=luigi%40lansolver.com [32m200[0m 1.544 ms - 1369[0m
[0mGET /api/sync/asset_docs?owner_email=luigi%40lansolver.com [32m200[0m 1.204 ms - 1146[0m
[0mGET /api/sync/stock/movements?owner_email=luigi%40lansolver.com [36m304[0m 1.153 ms - -[0m
[0mGET /api/sync/stock/movements?owner_email=luigi%40lansolver.com [36m304[0m 1.137 ms - -[0m
[0mGET /api/sync/costs/expenses?owner_email=luigi%40lansolver.com [32m200[0m 1.080 ms - 244[0m
[0mGET /api/providers?page=1&limit=20 [36m304[0m 2.554 ms - -[0m
[0mGET /api/sync/costs/recurring?owner_email=luigi%40lansolver.com [32m200[0m 1.239 ms - 649[0m
[0mGET /api/sync/costs/budgets?owner_email=luigi%40lansolver.com [36m304[0m 1.179 ms - -[0m
[0mGET /api/sync/stock/movements?owner_email=luigi%40lansolver.com [36m304[0m 1.116 ms - -[0m
[0mGET /api/sync/insurance?owner_email=luigi%40lansolver.com [36m304[0m 1.364 ms - -[0m
[0mGET /api/sync/asset_docs?owner_email=luigi%40lansolver.com [36m304[0m 1.275 ms - -[0m
[0mGET /api/sync/assets [32m200[0m 4.499 ms - 421[0m
[0mGET /api/sync/assets [32m200[0m 4.785 ms - 421[0m
[0mGET /api/sync/assets [36m304[0m 2.734 ms - -[0m
[0mGET /api/config [32m200[0m 2.459 ms - 417[0m
[0mGET /api/config [32m200[0m 2.887 ms - 417[0m
[0mGET /api/config [32m200[0m 1.435 ms - 417[0m
[0mGET /api/sync/vault?owner_email=luigi%40lansolver.com [36m304[0m 111.001 ms - -[0m
[0mGET /api/sync/maintenances?owner_email=luigi%40lansolver.com [36m304[0m 116.206 ms - -[0m
[0mGET /api/sync/stock/items?owner_email=luigi%40lansolver.com [36m304[0m 153.988 ms - -[0m
[0mGET /api/sync/media?owner_email=luigi%40lansolver.com [36m304[0m 1.448 ms - -[0m
[0mGET /api/sync/stock/movements?owner_email=luigi%40lansolver.com [36m304[0m 3.222 ms - -[0m
[0mPOST /api/sync/insurance?owner_email=luigi%40lansolver.com [32m200[0m 172.181 ms - 21[0m
[0mPOST /api/sync/costs/expenses?owner_email=luigi%40lansolver.com [32m200[0m 181.887 ms - 21[0m
[0mPOST /api/sync/costs/recurring?owner_email=luigi%40lansolver.com [32m200[0m 174.278 ms - 21[0m
[0mPOST /api/sync/asset_docs?owner_email=luigi%40lansolver.com [32m200[0m 43.773 ms - 21[0m
[0mGET /api/sync/insurance?owner_email=luigi%40lansolver.com [32m200[0m 3.478 ms - 1369[0m
[0mGET /api/sync/costs/expenses?owner_email=luigi%40lansolver.com [32m200[0m 3.374 ms - 244[0m
[0mGET /api/sync/costs/recurring?owner_email=luigi%40lansolver.com [32m200[0m 3.342 ms - 649[0m
[0mGET /api/sync/costs/budgets?owner_email=luigi%40lansolver.com [36m304[0m 3.292 ms - -[0m
[0mGET /api/sync/asset_docs?owner_email=luigi%40lansolver.com [32m200[0m 3.246 ms - 1146[0m
[0mGET /api/sync/assets [36m304[0m 38.088 ms - -[0m
[0mGET /api/config [32m200[0m 3.889 ms - 417[0m
[0mGET /api/shares/pending [36m304[0m 1.642 ms - -[0m
[0mGET /api/providers?page=1&limit=20 [36m304[0m 4.262 ms - -[0m
[0mGET /api/shares/pending [36m304[0m 6.596 ms - -[0m
[0mGET /api/providers?page=1&limit=20 [36m304[0m 3.224 ms - -[0m
[0mGET /api/shares/pending [36m304[0m 5.690 ms - -[0m
[0mGET /api/providers?page=1&limit=20 [36m304[0m 3.389 ms - -[0m
[0mGET /api/sync/stock/items?owner_email=luigi%40lansolver.com [36m304[0m 25.269 ms - -[0m
[0mGET /api/sync/vault?owner_email=luigi%40lansolver.com [36m304[0m 12.926 ms - -[0m
[0mGET /api/sync/maintenances?owner_email=luigi%40lansolver.com [36m304[0m 13.627 ms - -[0m
[0mGET /api/sync/stock/movements?owner_email=luigi%40lansolver.com [36m304[0m 1.288 ms - -[0m
[0mGET /api/sync/media?owner_email=luigi%40lansolver.com [36m304[0m 1.632 ms - -[0m
[0mPOST /api/sync/insurance?owner_email=luigi%40lansolver.com [32m200[0m 58.503 ms - 21[0m
[0mPOST /api/sync/costs/expenses?owner_email=luigi%40lansolver.com [32m200[0m 71.489 ms - 21[0m
[0mPOST /api/sync/costs/recurring?owner_email=luigi%40lansolver.com [32m200[0m 63.757 ms - 21[0m
[0mPOST /api/sync/asset_docs?owner_email=luigi%40lansolver.com [32m200[0m 35.083 ms - 21[0m
[0mGET /api/sync/insurance?owner_email=luigi%40lansolver.com [32m200[0m 1.559 ms - 1369[0m
[0mGET /api/sync/costs/budgets?owner_email=luigi%40lansolver.com [36m304[0m 1.156 ms - -[0m
[0mGET /api/sync/asset_docs?owner_email=luigi%40lansolver.com [32m200[0m 0.921 ms - 1146[0m
[0mGET /api/sync/costs/expenses?owner_email=luigi%40lansolver.com [32m200[0m 1.585 ms - 244[0m
[0mGET /api/sync/costs/recurring?owner_email=luigi%40lansolver.com [32m200[0m 1.498 ms - 649[0m
[0mGET /api/sync/assets [36m304[0m 2.865 ms - -[0m
[0mGET /api/config [32m200[0m 1.456 ms - 417[0m
[0mGET /api/shares/pending [36m304[0m 1.414 ms - -[0m
[0mGET /api/providers?page=1&limit=20 [36m304[0m 1.989 ms - -[0m
[0mGET /api/shares/pending [36m304[0m 2.236 ms - -[0m
[0mGET /api/providers?page=1&limit=20 [36m304[0m 1.192 ms - -[0m
[0mGET /api/shares/pending [36m304[0m 13.419 ms - -[0m
[0mGET /api/providers?page=1&limit=20 [36m304[0m 3.493 ms - -[0m
[0mGET /api/shares/pending [36m304[0m 3.399 ms - -[0m
[0mGET /api/providers?page=1&limit=20 [36m304[0m 3.880 ms - -[0m
[0mGET /api/shares/pending [36m304[0m 1.942 ms - -[0m
[0mGET /api/providers?page=1&limit=20 [36m304[0m 2.571 ms - -[0m
[0mGET /api/sync/vault?owner_email=luigi%40lansolver.com [36m304[0m 98.261 ms - -[0m
[0mGET /api/sync/stock/items?owner_email=luigi%40lansolver.com [36m304[0m 165.627 ms - -[0m
[0mGET /api/sync/maintenances?owner_email=luigi%40lansolver.com [36m304[0m 101.615 ms - -[0m
[0mPOST /api/sync/costs/recurring?owner_email=luigi%40lansolver.com [32m200[0m 116.336 ms - 21[0m
[0mPOST /api/sync/costs/expenses?owner_email=luigi%40lansolver.com [32m200[0m 121.583 ms - 21[0m
[0mPOST /api/sync/insurance?owner_email=luigi%40lansolver.com [32m200[0m 116.796 ms - 21[0m
[0mGET /api/sync/media?owner_email=luigi%40lansolver.com [36m304[0m 2.659 ms - -[0m
[0mGET /api/sync/stock/movements?owner_email=luigi%40lansolver.com [36m304[0m 1.116 ms - -[0m
[0mPOST /api/sync/asset_docs?owner_email=luigi%40lansolver.com [32m200[0m 6.833 ms - 21[0m
[0mGET /api/sync/costs/recurring?owner_email=luigi%40lansolver.com [32m200[0m 1.347 ms - 649[0m
[0mGET /api/sync/costs/budgets?owner_email=luigi%40lansolver.com [36m304[0m 1.316 ms - -[0m
[0mGET /api/sync/costs/expenses?owner_email=luigi%40lansolver.com [32m200[0m 2.654 ms - 244[0m
[0mGET /api/sync/insurance?owner_email=luigi%40lansolver.com [32m200[0m 2.762 ms - 1369[0m
[0mGET /api/sync/asset_docs?owner_email=luigi%40lansolver.com [32m200[0m 1.306 ms - 1146[0m
[0mGET /api/sync/assets [36m304[0m 12.362 ms - -[0m
[0mGET /api/config [32m200[0m 6.351 ms - 417[0m
[0mGET /api/2fa/status [33m404[0m 0.389 ms - 27[0m
[0mGET /api/2fa/status [33m404[0m 0.208 ms - 27[0m
[0mGET /api/sync/assets [33m401[0m 0.144 ms - 33[0m
[0mGET /api/config [32m200[0m 2.842 ms - 417[0m
[0mPOST /api/login [32m200[0m 124.344 ms - 533[0m
[0mGET /api/sync/stock/items?owner_email=luigi%40lansolver.com [36m304[0m 3.227 ms - -[0m
[0mGET /api/sync/stock/items?owner_email=luigi%40lansolver.com [36m304[0m 2.382 ms - -[0m
[0mGET /api/sync/vault?owner_email=luigi%40lansolver.com [36m304[0m 8.132 ms - -[0m
[0mPOST /api/sync/costs/expenses?owner_email=luigi%40lansolver.com [32m200[0m 7.928 ms - 21[0m
[0mGET /api/sync/maintenances?owner_email=luigi%40lansolver.com [36m304[0m 1.712 ms - -[0m
[0mGET /api/sync/media?owner_email=luigi%40lansolver.com [36m304[0m 1.038 ms - -[0m
[0mPOST /api/sync/insurance?owner_email=luigi%40lansolver.com [32m200[0m 5.577 ms - 21[0m
[0mPOST /api/sync/costs/recurring?owner_email=luigi%40lansolver.com [32m200[0m 7.194 ms - 21[0m
[0mPOST /api/sync/costs/expenses?owner_email=luigi%40lansolver.com [32m200[0m 2.628 ms - 21[0m
[0mPOST /api/sync/costs/recurring?owner_email=luigi%40lansolver.com [32m200[0m 2.851 ms - 21[0m
[0mPOST /api/sync/asset_docs?owner_email=luigi%40lansolver.com [32m200[0m 6.485 ms - 21[0m
[0mGET /api/sync/maintenances?owner_email=luigi%40lansolver.com [36m304[0m 0.939 ms - -[0m
[0mGET /api/sync/vault?owner_email=luigi%40lansolver.com [36m304[0m 0.884 ms - -[0m
[0mPOST /api/sync/insurance?owner_email=luigi%40lansolver.com [32m200[0m 2.208 ms - 21[0m
[0mGET /api/sync/media?owner_email=luigi%40lansolver.com [36m304[0m 1.262 ms - -[0m
[0mPOST /api/sync/asset_docs?owner_email=luigi%40lansolver.com [32m200[0m 2.287 ms - 21[0m
[0mGET /api/sync/stock/items?owner_email=luigi%40lansolver.com [36m304[0m 4.184 ms - -[0m
[0mGET /api/sync/maintenances?owner_email=luigi%40lansolver.com [36m304[0m 2.300 ms - -[0m
[0mGET /api/shares/pending [36m304[0m 5.854 ms - -[0m
[0mPOST /api/sync/costs/expenses?owner_email=luigi%40lansolver.com [32m200[0m 5.866 ms - 21[0m
[0mPOST /api/sync/costs/recurring?owner_email=luigi%40lansolver.com [32m200[0m 5.257 ms - 21[0m
[0mPOST /api/sync/insurance?owner_email=luigi%40lansolver.com [32m200[0m 4.849 ms - 21[0m
[0mGET /api/sync/insurance?owner_email=luigi%40lansolver.com [32m200[0m 2.738 ms - 1369[0m
[0mGET /api/sync/media?owner_email=luigi%40lansolver.com [36m304[0m 3.721 ms - -[0m
[0mGET /api/sync/vault?owner_email=luigi%40lansolver.com [36m304[0m 3.567 ms - -[0m
[0mGET /api/sync/costs/expenses?owner_email=luigi%40lansolver.com [32m200[0m 4.440 ms - 244[0m
[0mPOST /api/sync/asset_docs?owner_email=luigi%40lansolver.com [32m200[0m 6.041 ms - 21[0m
[0mGET /api/sync/costs/recurring?owner_email=luigi%40lansolver.com [32m200[0m 4.020 ms - 649[0m
[0mGET /api/sync/costs/budgets?owner_email=luigi%40lansolver.com [36m304[0m 2.499 ms - -[0m
[0mGET /api/sync/costs/expenses?owner_email=luigi%40lansolver.com [32m200[0m 2.357 ms - 244[0m
[0mGET /api/sync/costs/recurring?owner_email=luigi%40lansolver.com [32m200[0m 2.225 ms - 649[0m
[0mGET /api/sync/costs/budgets?owner_email=luigi%40lansolver.com [36m304[0m 1.998 ms - -[0m
[0mGET /api/sync/asset_docs?owner_email=luigi%40lansolver.com [32m200[0m 1.804 ms - 1146[0m
[0mGET /api/sync/insurance?owner_email=luigi%40lansolver.com [32m200[0m 1.533 ms - 1369[0m
[0mGET /api/sync/asset_docs?owner_email=luigi%40lansolver.com [32m200[0m 6.246 ms - 1146[0m
[0mGET /api/sync/insurance?owner_email=luigi%40lansolver.com [32m200[0m 1.440 ms - 1369[0m
[0mGET /api/sync/stock/movements?owner_email=luigi%40lansolver.com [36m304[0m 5.984 ms - -[0m
[0mGET /api/sync/costs/expenses?owner_email=luigi%40lansolver.com [32m200[0m 1.333 ms - 244[0m
[0mGET /api/sync/stock/movements?owner_email=luigi%40lansolver.com [36m304[0m 6.654 ms - -[0m
[0mGET /api/providers?page=1&limit=20 [36m304[0m 10.074 ms - -[0m
[0mGET /api/sync/costs/recurring?owner_email=luigi%40lansolver.com [32m200[0m 2.142 ms - 649[0m
[0mGET /api/sync/costs/budgets?owner_email=luigi%40lansolver.com [36m304[0m 2.005 ms - -[0m
[0mGET /api/sync/stock/movements?owner_email=luigi%40lansolver.com [36m304[0m 1.508 ms - -[0m
[0mGET /api/sync/asset_docs?owner_email=luigi%40lansolver.com [36m304[0m 1.615 ms - -[0m
[0mGET /api/sync/assets [32m200[0m 5.803 ms - 421[0m
[0mGET /api/config [32m200[0m 1.911 ms - 417[0m
[0mGET /api/sync/assets [36m304[0m 2.367 ms - -[0m
[0mGET /api/sync/assets [36m304[0m 3.807 ms - -[0m
[0mGET /api/config [32m200[0m 1.688 ms - 417[0m
[0mGET /api/config [32m200[0m 1.990 ms - 417[0m
[0mGET /api/sync/maintenances?owner_email=luigi%40lansolver.com [36m304[0m 5.705 ms - -[0m
[0mGET /api/sync/stock/items?owner_email=luigi%40lansolver.com [36m304[0m 8.784 ms - -[0m
[0mGET /api/sync/vault?owner_email=luigi%40lansolver.com [36m304[0m 8.301 ms - -[0m
[0mPOST /api/sync/costs/expenses?owner_email=luigi%40lansolver.com [32m200[0m 14.336 ms - 21[0m
[0mPOST /api/sync/insurance?owner_email=luigi%40lansolver.com [32m200[0m 13.259 ms - 21[0m
[0mPOST /api/sync/costs/recurring?owner_email=luigi%40lansolver.com [32m200[0m 12.828 ms - 21[0m
[0mGET /api/sync/media?owner_email=luigi%40lansolver.com [36m304[0m 2.765 ms - -[0m
[0mPOST /api/sync/asset_docs?owner_email=luigi%40lansolver.com [32m200[0m 3.917 ms - 21[0m
[0mGET /api/sync/costs/recurring?owner_email=luigi%40lansolver.com [32m200[0m 2.502 ms - 649[0m
[0mGET /api/sync/costs/budgets?owner_email=luigi%40lansolver.com [36m304[0m 2.429 ms - -[0m
[0mGET /api/sync/insurance?owner_email=luigi%40lansolver.com [32m200[0m 2.307 ms - 1369[0m
[0mGET /api/sync/stock/movements?owner_email=luigi%40lansolver.com [36m304[0m 2.147 ms - -[0m
[0mGET /api/sync/costs/expenses?owner_email=luigi%40lansolver.com [32m200[0m 3.558 ms - 244[0m
[0mGET /api/sync/asset_docs?owner_email=luigi%40lansolver.com [32m200[0m 2.306 ms - 1146[0m
[0mGET /api/sync/assets [36m304[0m 5.889 ms - -[0m
[0mGET /api/config [32m200[0m 3.035 ms - 417[0m
[0mGET /api/shares/pending [36m304[0m 3.047 ms - -[0m
[0mGET /api/providers?page=1&limit=20 [36m304[0m 6.516 ms - -[0m
prisma:error 
Invalid `prisma.asset.upsert()` invocation:

{
  where: {
    id: "brsp-827806"
  },
  create: {
    id: "brsp-827806",
    tenantId: "cmn6sf2we004g5epyw7uxjo73",
    title: "Carro Yaris",
    type: "VEHICLE",
          ~~~~~~~~~
    status: "OPERACIONAL",
    imageUrl: null,
    parentId: null,
    metadata: {
      inventoryId: "",
      brand: "",
      model: "",
      serialNumber: "",
      costCenter: "",
      acquisitionValue: "",
      cep: "",
      street: "",
      streetNumber: "",
      complement: "",
      neighborhood: "",
      city: "",
      state: "",
      gpsCoordinates: "",
      owner: "",
      department: "",
      customFields: [],
      photos: []
    }
  },
  update: {
    title: "Carro Yaris",
    status: "OPERACIONAL",
    imageUrl: null,
    parentId: null,
    metadata: {
      inventoryId: "",
      brand: "",
      model: "",
      serialNumber: "",
      costCenter: "",
      acquisitionValue: "",
      cep: "",
      street: "",
      streetNumber: "",
      complement: "",
      neighborhood: "",
      city: "",
      state: "",
      gpsCoordinates: "",
      owner: "",
      department: "",
      customFields: [],
      photos: []
    }
  }
}

Invalid value for argument `type`. Expected AssetType.
[sync/push] Erro ao processar item CREATE_ASSET: PrismaClientValidationError: 
Invalid `prisma.asset.upsert()` invocation:

{
  where: {
    id: "brsp-827806"
  },
  create: {
    id: "brsp-827806",
    tenantId: "cmn6sf2we004g5epyw7uxjo73",
    title: "Carro Yaris",
    type: "VEHICLE",
          ~~~~~~~~~
    status: "OPERACIONAL",
    imageUrl: null,
    parentId: null,
    metadata: {
      inventoryId: "",
      brand: "",
      model: "",
      serialNumber: "",
      costCenter: "",
      acquisitionValue: "",
      cep: "",
      street: "",
      streetNumber: "",
      complement: "",
      neighborhood: "",
      city: "",
      state: "",
      gpsCoordinates: "",
      owner: "",
      department: "",
      customFields: [],
      photos: []
    }
  },
  update: {
    title: "Carro Yaris",
    status: "OPERACIONAL",
    imageUrl: null,
    parentId: null,
    metadata: {
      inventoryId: "",
      brand: "",
      model: "",
      serialNumber: "",
      costCenter: "",
      acquisitionValue: "",
      cep: "",
      street: "",
      streetNumber: "",
      complement: "",
      neighborhood: "",
      city: "",
      state: "",
      gpsCoordinates: "",
      owner: "",
      department: "",
      customFields: [],
      photos: []
    }
  }
}

Invalid value for argument `type`. Expected AssetType.
    at wn (/Users/alex/Lansolver Dropbox/Alex Benedito/antigravity/BrsparkMobile/admin-panel/backend/node_modules/@prisma/client/runtime/library.js:29:1363)
    at $n.handleRequestError (/Users/alex/Lansolver Dropbox/Alex Benedito/antigravity/BrsparkMobile/admin-panel/backend/node_modules/@prisma/client/runtime/library.js:121:6958)
    at $n.handleAndLogRequestError (/Users/alex/Lansolver Dropbox/Alex Benedito/antigravity/BrsparkMobile/admin-panel/backend/node_modules/@prisma/client/runtime/library.js:121:6623)
    at $n.request (/Users/alex/Lansolver Dropbox/Alex Benedito/antigravity/BrsparkMobile/admin-panel/backend/node_modules/@prisma/client/runtime/library.js:121:6307)
    at async l (/Users/alex/Lansolver Dropbox/Alex Benedito/antigravity/BrsparkMobile/admin-panel/backend/node_modules/@prisma/client/runtime/library.js:130:9633)
    at async /Users/alex/Lansolver Dropbox/Alex Benedito/antigravity/BrsparkMobile/admin-panel/backend/src/routes/sync.js:97:13 {
  clientVersion: '5.22.0'
}
[0mPOST /api/sync/push [32m200[0m 9.960 ms - 35[0m
prisma:error 
Invalid `prisma.asset.upsert()` invocation:

{
  where: {
    id: "brsp-827806"
  },
  create: {
    id: "brsp-827806",
    tenantId: "cmn6sf2we004g5epyw7uxjo73",
    title: "Carro Yaris",
    type: "VEHICLE",
          ~~~~~~~~~
    status: "OPERACIONAL",
    imageUrl: null,
    parentId: null,
    metadata: {
      inventoryId: "",
      brand: "",
      model: "",
      serialNumber: "",
      costCenter: "",
      acquisitionValue: "",
      cep: "",
      street: "",
      streetNumber: "",
      complement: "",
      neighborhood: "",
      city: "",
      state: "",
      gpsCoordinates: "",
      owner: "",
      department: "",
      customFields: [],
      photos: []
    }
  },
  update: {
    title: "Carro Yaris",
    status: "OPERACIONAL",
    imageUrl: null,
    parentId: null,
    metadata: {
      inventoryId: "",
      brand: "",
      model: "",
      serialNumber: "",
      costCenter: "",
      acquisitionValue: "",
      cep: "",
      street: "",
      streetNumber: "",
      complement: "",
      neighborhood: "",
      city: "",
      state: "",
      gpsCoordinates: "",
      owner: "",
      department: "",
      customFields: [],
      photos: []
    }
  }
}

Invalid value for argument `type`. Expected AssetType.
[sync/push] Erro ao processar item CREATE_ASSET: PrismaClientValidationError: 
Invalid `prisma.asset.upsert()` invocation:

{
  where: {
    id: "brsp-827806"
  },
  create: {
    id: "brsp-827806",
    tenantId: "cmn6sf2we004g5epyw7uxjo73",
    title: "Carro Yaris",
    type: "VEHICLE",
          ~~~~~~~~~
    status: "OPERACIONAL",
    imageUrl: null,
    parentId: null,
    metadata: {
      inventoryId: "",
      brand: "",
      model: "",
      serialNumber: "",
      costCenter: "",
      acquisitionValue: "",
      cep: "",
      street: "",
      streetNumber: "",
      complement: "",
      neighborhood: "",
      city: "",
      state: "",
      gpsCoordinates: "",
      owner: "",
      department: "",
      customFields: [],
      photos: []
    }
  },
  update: {
    title: "Carro Yaris",
    status: "OPERACIONAL",
    imageUrl: null,
    parentId: null,
    metadata: {
      inventoryId: "",
      brand: "",
      model: "",
      serialNumber: "",
      costCenter: "",
      acquisitionValue: "",
      cep: "",
      street: "",
      streetNumber: "",
      complement: "",
      neighborhood: "",
      city: "",
      state: "",
      gpsCoordinates: "",
      owner: "",
      department: "",
      customFields: [],
      photos: []
    }
  }
}

Invalid value for argument `type`. Expected AssetType.
    at wn (/Users/alex/Lansolver Dropbox/Alex Benedito/antigravity/BrsparkMobile/admin-panel/backend/node_modules/@prisma/client/runtime/library.js:29:1363)
    at $n.handleRequestError (/Users/alex/Lansolver Dropbox/Alex Benedito/antigravity/BrsparkMobile/admin-panel/backend/node_modules/@prisma/client/runtime/library.js:121:6958)
    at $n.handleAndLogRequestError (/Users/alex/Lansolver Dropbox/Alex Benedito/antigravity/BrsparkMobile/admin-panel/backend/node_modules/@prisma/client/runtime/library.js:121:6623)
    at $n.request (/Users/alex/Lansolver Dropbox/Alex Benedito/antigravity/BrsparkMobile/admin-panel/backend/node_modules/@prisma/client/runtime/library.js:121:6307)
    at async l (/Users/alex/Lansolver Dropbox/Alex Benedito/antigravity/BrsparkMobile/admin-panel/backend/node_modules/@prisma/client/runtime/library.js:130:9633)
    at async /Users/alex/Lansolver Dropbox/Alex Benedito/antigravity/BrsparkMobile/admin-panel/backend/src/routes/sync.js:97:13 {
  clientVersion: '5.22.0'
}
[0mPOST /api/sync/push [32m200[0m 3.156 ms - 35[0m
[0mGET /api/shares/pending [36m304[0m 1.929 ms - -[0m
[0mGET /api/providers?page=1&limit=20 [36m304[0m 3.377 ms - -[0m
[0mGET /api/sync/stock/items?owner_email=luigi%40lansolver.com [36m304[0m 5.338 ms - -[0m
[0mGET /api/sync/vault?owner_email=luigi%40lansolver.com [36m304[0m 4.794 ms - -[0m
[0mGET /api/sync/media?owner_email=luigi%40lansolver.com [36m304[0m 3.751 ms - -[0m
[0mGET /api/sync/maintenances?owner_email=luigi%40lansolver.com [36m304[0m 4.690 ms - -[0m
[0mPOST /api/sync/costs/expenses?owner_email=luigi%40lansolver.com [32m200[0m 8.062 ms - 21[0m
[0mPOST /api/sync/insurance?owner_email=luigi%40lansolver.com [32m200[0m 6.427 ms - 21[0m
[0mPOST /api/sync/costs/recurring?owner_email=luigi%40lansolver.com [32m200[0m 7.582 ms - 21[0m
[0mPOST /api/sync/asset_docs?owner_email=luigi%40lansolver.com [32m200[0m 4.178 ms - 21[0m
[0mGET /api/sync/insurance?owner_email=luigi%40lansolver.com [32m200[0m 4.395 ms - 1369[0m
[0mGET /api/sync/costs/recurring?owner_email=luigi%40lansolver.com [32m200[0m 4.344 ms - 649[0m
[0mGET /api/sync/costs/budgets?owner_email=luigi%40lansolver.com [36m304[0m 4.146 ms - -[0m
[0mGET /api/sync/asset_docs?owner_email=luigi%40lansolver.com [32m200[0m 3.970 ms - 1146[0m
[0mGET /api/sync/costs/expenses?owner_email=luigi%40lansolver.com [32m200[0m 6.393 ms - 244[0m
[0mGET /api/sync/stock/movements?owner_email=luigi%40lansolver.com [36m304[0m 3.921 ms - -[0m
[0mGET /api/sync/assets [36m304[0m 5.739 ms - -[0m
[0mGET /api/config [32m200[0m 3.844 ms - 417[0m
prisma:error 
Invalid `prisma.asset.upsert()` invocation:

{
  where: {
    id: "brsp-827806"
  },
  create: {
    id: "brsp-827806",
    tenantId: "cmn6sf2we004g5epyw7uxjo73",
    title: "Carro Yaris",
    type: "VEHICLE",
          ~~~~~~~~~
    status: "OPERACIONAL",
    imageUrl: null,
    parentId: null,
    metadata: {
      inventoryId: "",
      brand: "",
      model: "",
      serialNumber: "",
      costCenter: "",
      acquisitionValue: "",
      cep: "",
      street: "",
      streetNumber: "",
      complement: "",
      neighborhood: "",
      city: "",
      state: "",
      gpsCoordinates: "",
      owner: "",
      department: "",
      customFields: [],
      photos: []
    }
  },
  update: {
    title: "Carro Yaris",
    status: "OPERACIONAL",
    imageUrl: null,
    parentId: null,
    metadata: {
      inventoryId: "",
      brand: "",
      model: "",
      serialNumber: "",
      costCenter: "",
      acquisitionValue: "",
      cep: "",
      street: "",
      streetNumber: "",
      complement: "",
      neighborhood: "",
      city: "",
      state: "",
      gpsCoordinates: "",
      owner: "",
      department: "",
      customFields: [],
      photos: []
    }
  }
}

Invalid value for argument `type`. Expected AssetType.
[sync/push] Erro ao processar item CREATE_ASSET: PrismaClientValidationError: 
Invalid `prisma.asset.upsert()` invocation:

{
  where: {
    id: "brsp-827806"
  },
  create: {
    id: "brsp-827806",
    tenantId: "cmn6sf2we004g5epyw7uxjo73",
    title: "Carro Yaris",
    type: "VEHICLE",
          ~~~~~~~~~
    status: "OPERACIONAL",
    imageUrl: null,
    parentId: null,
    metadata: {
      inventoryId: "",
      brand: "",
      model: "",
      serialNumber: "",
      costCenter: "",
      acquisitionValue: "",
      cep: "",
      street: "",
      streetNumber: "",
      complement: "",
      neighborhood: "",
      city: "",
      state: "",
      gpsCoordinates: "",
      owner: "",
      department: "",
      customFields: [],
      photos: []
    }
  },
  update: {
    title: "Carro Yaris",
    status: "OPERACIONAL",
    imageUrl: null,
    parentId: null,
    metadata: {
      inventoryId: "",
      brand: "",
      model: "",
      serialNumber: "",
      costCenter: "",
      acquisitionValue: "",
      cep: "",
      street: "",
      streetNumber: "",
      complement: "",
      neighborhood: "",
      city: "",
      state: "",
      gpsCoordinates: "",
      owner: "",
      department: "",
      customFields: [],
      photos: []
    }
  }
}

Invalid value for argument `type`. Expected AssetType.
    at wn (/Users/alex/Lansolver Dropbox/Alex Benedito/antigravity/BrsparkMobile/admin-panel/backend/node_modules/@prisma/client/runtime/library.js:29:1363)
    at $n.handleRequestError (/Users/alex/Lansolver Dropbox/Alex Benedito/antigravity/BrsparkMobile/admin-panel/backend/node_modules/@prisma/client/runtime/library.js:121:6958)
    at $n.handleAndLogRequestError (/Users/alex/Lansolver Dropbox/Alex Benedito/antigravity/BrsparkMobile/admin-panel/backend/node_modules/@prisma/client/runtime/library.js:121:6623)
    at $n.request (/Users/alex/Lansolver Dropbox/Alex Benedito/antigravity/BrsparkMobile/admin-panel/backend/node_modules/@prisma/client/runtime/library.js:121:6307)
    at async l (/Users/alex/Lansolver Dropbox/Alex Benedito/antigravity/BrsparkMobile/admin-panel/backend/node_modules/@prisma/client/runtime/library.js:130:9633)
    at async /Users/alex/Lansolver Dropbox/Alex Benedito/antigravity/BrsparkMobile/admin-panel/backend/src/routes/sync.js:97:13 {
  clientVersion: '5.22.0'
}
[0mPOST /api/sync/push [32m200[0m 218.394 ms - 35[0m
[0mGET /api/shares/pending [36m304[0m 248.828 ms - -[0m
[0mGET /api/me [32m200[0m 305.064 ms - 616[0m
[0mGET /api/sync/stock/items?owner_email=luigi%40lansolver.com [36m304[0m 3.545 ms - -[0m
[0mGET /api/sync/vault?owner_email=luigi%40lansolver.com [36m304[0m 1.300 ms - -[0m
[0mPOST /api/sync/costs/recurring?owner_email=luigi%40lansolver.com [32m200[0m 8.420 ms - 21[0m
[0mGET /api/sync/media?owner_email=luigi%40lansolver.com [36m304[0m 1.259 ms - -[0m
[0mPOST /api/sync/costs/expenses?owner_email=luigi%40lansolver.com [32m200[0m 11.839 ms - 21[0m
[0mGET /api/sync/maintenances?owner_email=luigi%40lansolver.com [36m304[0m 1.253 ms - -[0m
[0mPOST /api/sync/insurance?owner_email=luigi%40lansolver.com [32m200[0m 4.568 ms - 21[0m
[0mPOST /api/sync/asset_docs?owner_email=luigi%40lansolver.com [32m200[0m 2.652 ms - 21[0m
[0mGET /api/providers?page=1&limit=20 [36m304[0m 5.310 ms - -[0m
prisma:error 
Invalid `prisma.asset.upsert()` invocation:

{
  where: {
    id: "brsp-827806"
  },
  create: {
    id: "brsp-827806",
    tenantId: "cmn6sf2we004g5epyw7uxjo73",
    title: "Carro Yaris",
    type: "VEHICLE",
          ~~~~~~~~~
    status: "OPERACIONAL",
    imageUrl: null,
    parentId: null,
    metadata: {
      inventoryId: "",
      brand: "",
      model: "",
      serialNumber: "",
      costCenter: "",
      acquisitionValue: "",
      cep: "",
      street: "",
      streetNumber: "",
      complement: "",
      neighborhood: "",
      city: "",
      state: "",
      gpsCoordinates: "",
      owner: "",
      department: "",
      customFields: [],
      photos: []
    }
  },
  update: {
    title: "Carro Yaris",
    status: "OPERACIONAL",
    imageUrl: null,
    parentId: null,
    metadata: {
      inventoryId: "",
      brand: "",
      model: "",
      serialNumber: "",
      costCenter: "",
      acquisitionValue: "",
      cep: "",
      street: "",
      streetNumber: "",
      complement: "",
      neighborhood: "",
      city: "",
      state: "",
      gpsCoordinates: "",
      owner: "",
      department: "",
      customFields: [],
      photos: []
    }
  }
}

Invalid value for argument `type`. Expected AssetType.
[sync/push] Erro ao processar item CREATE_ASSET: PrismaClientValidationError: 
Invalid `prisma.asset.upsert()` invocation:

{
  where: {
    id: "brsp-827806"
  },
  create: {
    id: "brsp-827806",
    tenantId: "cmn6sf2we004g5epyw7uxjo73",
    title: "Carro Yaris",
    type: "VEHICLE",
          ~~~~~~~~~
    status: "OPERACIONAL",
    imageUrl: null,
    parentId: null,
    metadata: {
      inventoryId: "",
      brand: "",
      model: "",
      serialNumber: "",
      costCenter: "",
      acquisitionValue: "",
      cep: "",
      street: "",
      streetNumber: "",
      complement: "",
      neighborhood: "",
      city: "",
      state: "",
      gpsCoordinates: "",
      owner: "",
      department: "",
      customFields: [],
      photos: []
    }
  },
  update: {
    title: "Carro Yaris",
    status: "OPERACIONAL",
    imageUrl: null,
    parentId: null,
    metadata: {
      inventoryId: "",
      brand: "",
      model: "",
      serialNumber: "",
      costCenter: "",
      acquisitionValue: "",
      cep: "",
      street: "",
      streetNumber: "",
      complement: "",
      neighborhood: "",
      city: "",
      state: "",
      gpsCoordinates: "",
      owner: "",
      department: "",
      customFields: [],
      photos: []
    }
  }
}

Invalid value for argument `type`. Expected AssetType.
    at wn (/Users/alex/Lansolver Dropbox/Alex Benedito/antigravity/BrsparkMobile/admin-panel/backend/node_modules/@prisma/client/runtime/library.js:29:1363)
    at $n.handleRequestError (/Users/alex/Lansolver Dropbox/Alex Benedito/antigravity/BrsparkMobile/admin-panel/backend/node_modules/@prisma/client/runtime/library.js:121:6958)
    at $n.handleAndLogRequestError (/Users/alex/Lansolver Dropbox/Alex Benedito/antigravity/BrsparkMobile/admin-panel/backend/node_modules/@prisma/client/runtime/library.js:121:6623)
    at $n.request (/Users/alex/Lansolver Dropbox/Alex Benedito/antigravity/BrsparkMobile/admin-panel/backend/node_modules/@prisma/client/runtime/library.js:121:6307)
    at async l (/Users/alex/Lansolver Dropbox/Alex Benedito/antigravity/BrsparkMobile/admin-panel/backend/node_modules/@prisma/client/runtime/library.js:130:9633)
    at async /Users/alex/Lansolver Dropbox/Alex Benedito/antigravity/BrsparkMobile/admin-panel/backend/src/routes/sync.js:97:13 {
  clientVersion: '5.22.0'
}
[0mPOST /api/sync/push [32m200[0m 1.999 ms - 35[0m
[0mGET /api/sync/costs/expenses?owner_email=luigi%40lansolver.com [32m200[0m 2.593 ms - 244[0m
[0mGET /api/sync/costs/recurring?owner_email=luigi%40lansolver.com [32m200[0m 2.484 ms - 649[0m
[0mGET /api/sync/asset_docs?owner_email=luigi%40lansolver.com [32m200[0m 1.281 ms - 1146[0m
[0mGET /api/sync/costs/budgets?owner_email=luigi%40lansolver.com [36m304[0m 7.960 ms - -[0m
[0mGET /api/sync/insurance?owner_email=luigi%40lansolver.com [32m200[0m 7.630 ms - 1369[0m
[0mGET /api/sync/stock/movements?owner_email=luigi%40lansolver.com [36m304[0m 1.332 ms - -[0m
[0mGET /api/sync/stock/items?owner_email=luigi%40lansolver.com [36m304[0m 1.662 ms - -[0m
[0mGET /api/sync/maintenances?owner_email=luigi%40lansolver.com [36m304[0m 1.605 ms - -[0m
[0mPOST /api/sync/costs/recurring?owner_email=luigi%40lansolver.com [32m200[0m 4.170 ms - 21[0m
[0mGET /api/sync/vault?owner_email=luigi%40lansolver.com [36m304[0m 1.430 ms - -[0m
[0mPOST /api/sync/costs/expenses?owner_email=luigi%40lansolver.com [32m200[0m 3.934 ms - 21[0m
[0mPOST /api/sync/insurance?owner_email=luigi%40lansolver.com [32m200[0m 3.636 ms - 21[0m
[0mGET /api/sync/media?owner_email=luigi%40lansolver.com [36m304[0m 1.311 ms - -[0m
[0mPOST /api/sync/asset_docs?owner_email=luigi%40lansolver.com [32m200[0m 2.795 ms - 21[0m
[0mGET /api/sync/assets [36m304[0m 2.608 ms - -[0m
[0mGET /api/sync/stock/movements?owner_email=luigi%40lansolver.com [36m304[0m 1.469 ms - -[0m
[0mGET /api/sync/costs/expenses?owner_email=luigi%40lansolver.com [32m200[0m 1.986 ms - 244[0m
[0mGET /api/sync/costs/recurring?owner_email=luigi%40lansolver.com [32m200[0m 1.932 ms - 649[0m
[0mGET /api/sync/costs/budgets?owner_email=luigi%40lansolver.com [36m304[0m 1.835 ms - -[0m
[0mGET /api/config [32m200[0m 1.835 ms - 417[0m
[0mGET /api/sync/asset_docs?owner_email=luigi%40lansolver.com [32m200[0m 2.140 ms - 1146[0m
[0mGET /api/sync/insurance?owner_email=luigi%40lansolver.com [32m200[0m 3.939 ms - 1369[0m
[0mGET /api/sync/assets [36m304[0m 2.811 ms - -[0m
[0mGET /api/config [32m200[0m 1.273 ms - 417[0m
prisma:error 
Invalid `prisma.asset.upsert()` invocation:

{
  where: {
    id: "brsp-827806"
  },
  create: {
    id: "brsp-827806",
    tenantId: "cmn6sf2we004g5epyw7uxjo73",
    title: "Carro Yaris",
    type: "VEHICLE",
          ~~~~~~~~~
    status: "OPERACIONAL",
    imageUrl: null,
    parentId: null,
    metadata: {
      inventoryId: "",
      brand: "",
      model: "",
      serialNumber: "",
      costCenter: "",
      acquisitionValue: "",
      cep: "",
      street: "",
      streetNumber: "",
      complement: "",
      neighborhood: "",
      city: "",
      state: "",
      gpsCoordinates: "",
      owner: "",
      department: "",
      customFields: [],
      photos: []
    }
  },
  update: {
    title: "Carro Yaris",
    status: "OPERACIONAL",
    imageUrl: null,
    parentId: null,
    metadata: {
      inventoryId: "",
      brand: "",
      model: "",
      serialNumber: "",
      costCenter: "",
      acquisitionValue: "",
      cep: "",
      street: "",
      streetNumber: "",
      complement: "",
      neighborhood: "",
      city: "",
      state: "",
      gpsCoordinates: "",
      owner: "",
      department: "",
      customFields: [],
      photos: []
    }
  }
}

Invalid value for argument `type`. Expected AssetType.
[sync/push] Erro ao processar item CREATE_ASSET: PrismaClientValidationError: 
Invalid `prisma.asset.upsert()` invocation:

{
  where: {
    id: "brsp-827806"
  },
  create: {
    id: "brsp-827806",
    tenantId: "cmn6sf2we004g5epyw7uxjo73",
    title: "Carro Yaris",
    type: "VEHICLE",
          ~~~~~~~~~
    status: "OPERACIONAL",
    imageUrl: null,
    parentId: null,
    metadata: {
      inventoryId: "",
      brand: "",
      model: "",
      serialNumber: "",
      costCenter: "",
      acquisitionValue: "",
      cep: "",
      street: "",
      streetNumber: "",
      complement: "",
      neighborhood: "",
      city: "",
      state: "",
      gpsCoordinates: "",
      owner: "",
      department: "",
      customFields: [],
      photos: []
    }
  },
  update: {
    title: "Carro Yaris",
    status: "OPERACIONAL",
    imageUrl: null,
    parentId: null,
    metadata: {
      inventoryId: "",
      brand: "",
      model: "",
      serialNumber: "",
      costCenter: "",
      acquisitionValue: "",
      cep: "",
      street: "",
      streetNumber: "",
      complement: "",
      neighborhood: "",
      city: "",
      state: "",
      gpsCoordinates: "",
      owner: "",
      department: "",
      customFields: [],
      photos: []
    }
  }
}

Invalid value for argument `type`. Expected AssetType.
    at wn (/Users/alex/Lansolver Dropbox/Alex Benedito/antigravity/BrsparkMobile/admin-panel/backend/node_modules/@prisma/client/runtime/library.js:29:1363)
    at $n.handleRequestError (/Users/alex/Lansolver Dropbox/Alex Benedito/antigravity/BrsparkMobile/admin-panel/backend/node_modules/@prisma/client/runtime/library.js:121:6958)
    at $n.handleAndLogRequestError (/Users/alex/Lansolver Dropbox/Alex Benedito/antigravity/BrsparkMobile/admin-panel/backend/node_modules/@prisma/client/runtime/library.js:121:6623)
    at $n.request (/Users/alex/Lansolver Dropbox/Alex Benedito/antigravity/BrsparkMobile/admin-panel/backend/node_modules/@prisma/client/runtime/library.js:121:6307)
    at async l (/Users/alex/Lansolver Dropbox/Alex Benedito/antigravity/BrsparkMobile/admin-panel/backend/node_modules/@prisma/client/runtime/library.js:130:9633)
    at async /Users/alex/Lansolver Dropbox/Alex Benedito/antigravity/BrsparkMobile/admin-panel/backend/src/routes/sync.js:97:13 {
  clientVersion: '5.22.0'
}
[0mPOST /api/sync/push [32m200[0m 4.277 ms - 35[0m
[0mGET /api/sync/stock/items?owner_email=luigi%40lansolver.com [36m304[0m 3.135 ms - -[0m
[0mGET /api/sync/media?owner_email=luigi%40lansolver.com [36m304[0m 4.398 ms - -[0m
[0mGET /api/sync/maintenances?owner_email=luigi%40lansolver.com [36m304[0m 3.697 ms - -[0m
[0mGET /api/sync/vault?owner_email=luigi%40lansolver.com [36m304[0m 3.625 ms - -[0m
[0mPOST /api/sync/costs/expenses?owner_email=luigi%40lansolver.com [32m200[0m 10.017 ms - 21[0m
[0mPOST /api/sync/costs/recurring?owner_email=luigi%40lansolver.com [32m200[0m 8.654 ms - 21[0m
[0mPOST /api/sync/insurance?owner_email=luigi%40lansolver.com [32m200[0m 7.794 ms - 21[0m
[0mGET /api/sync/stock/movements?owner_email=luigi%40lansolver.com [36m304[0m 2.459 ms - -[0m
[0mPOST /api/sync/asset_docs?owner_email=luigi%40lansolver.com [32m200[0m 4.301 ms - 21[0m
[0mGET /api/sync/costs/expenses?owner_email=luigi%40lansolver.com [32m200[0m 3.016 ms - 244[0m
[0mGET /api/sync/costs/recurring?owner_email=luigi%40lansolver.com [32m200[0m 2.816 ms - 649[0m
[0mGET /api/sync/costs/budgets?owner_email=luigi%40lansolver.com [36m304[0m 2.650 ms - -[0m
[0mGET /api/sync/insurance?owner_email=luigi%40lansolver.com [32m200[0m 2.959 ms - 1369[0m
[0mGET /api/sync/asset_docs?owner_email=luigi%40lansolver.com [32m200[0m 2.852 ms - 1146[0m
[0mGET /api/sync/assets [36m304[0m 4.652 ms - -[0m
[0mGET /api/config [32m200[0m 3.311 ms - 417[0m
[0mGET /api/shares/pending [36m304[0m 2.994 ms - -[0m
[0mGET /api/providers?page=1&limit=20 [36m304[0m 6.230 ms - -[0m
[0mGET /api/2fa/status [33m404[0m 0.340 ms - 27[0m
[0mGET /api/2fa/status [33m404[0m 0.313 ms - 27[0m
[0mGET /api/sync/assets [33m401[0m 0.116 ms - 33[0m
[0mGET /api/config [32m200[0m 2.620 ms - 417[0m
[0mPOST /api/login [32m200[0m 121.073 ms - 533[0m
[0mGET /api/sync/stock/items?owner_email=luigi%40lansolver.com [36m304[0m 1.974 ms - -[0m
[0mGET /api/sync/stock/items?owner_email=luigi%40lansolver.com [36m304[0m 1.484 ms - -[0m
[0mGET /api/sync/maintenances?owner_email=luigi%40lansolver.com [36m304[0m 2.453 ms - -[0m
[0mGET /api/sync/vault?owner_email=luigi%40lansolver.com [36m304[0m 3.447 ms - -[0m
[0mGET /api/sync/media?owner_email=luigi%40lansolver.com [36m304[0m 1.280 ms - -[0m
[0mPOST /api/sync/costs/recurring?owner_email=luigi%40lansolver.com [32m200[0m 6.370 ms - 21[0m
[0mPOST /api/sync/costs/expenses?owner_email=luigi%40lansolver.com [32m200[0m 7.311 ms - 21[0m
[0mPOST /api/sync/insurance?owner_email=luigi%40lansolver.com [32m200[0m 6.680 ms - 21[0m
[0mPOST /api/sync/asset_docs?owner_email=luigi%40lansolver.com [32m200[0m 2.843 ms - 21[0m
[0mPOST /api/sync/costs/expenses?owner_email=luigi%40lansolver.com [32m200[0m 2.473 ms - 21[0m
[0mGET /api/sync/maintenances?owner_email=luigi%40lansolver.com [36m304[0m 1.558 ms - -[0m
[0mGET /api/sync/vault?owner_email=luigi%40lansolver.com [36m304[0m 1.496 ms - -[0m
[0mPOST /api/sync/costs/recurring?owner_email=luigi%40lansolver.com [32m200[0m 3.218 ms - 21[0m
[0mPOST /api/sync/insurance?owner_email=luigi%40lansolver.com [32m200[0m 3.097 ms - 21[0m
[0mGET /api/sync/media?owner_email=luigi%40lansolver.com [36m304[0m 1.103 ms - -[0m
[0mPOST /api/sync/asset_docs?owner_email=luigi%40lansolver.com [32m200[0m 2.098 ms - 21[0m
[0mGET /api/sync/stock/items?owner_email=luigi%40lansolver.com [36m304[0m 2.034 ms - -[0m
[0mGET /api/shares/pending [36m304[0m 1.284 ms - -[0m
[0mPOST /api/sync/costs/expenses?owner_email=luigi%40lansolver.com [32m200[0m 3.968 ms - 21[0m
[0mGET /api/sync/maintenances?owner_email=luigi%40lansolver.com [36m304[0m 1.786 ms - -[0m
[0mPOST /api/sync/insurance?owner_email=luigi%40lansolver.com [32m200[0m 3.115 ms - 21[0m
[0mPOST /api/sync/costs/recurring?owner_email=luigi%40lansolver.com [32m200[0m 2.890 ms - 21[0m
[0mGET /api/sync/vault?owner_email=luigi%40lansolver.com [36m304[0m 1.384 ms - -[0m
[0mGET /api/sync/media?owner_email=luigi%40lansolver.com [36m304[0m 1.494 ms - -[0m
[0mGET /api/sync/costs/expenses?owner_email=luigi%40lansolver.com [32m200[0m 1.292 ms - 244[0m
[0mPOST /api/sync/asset_docs?owner_email=luigi%40lansolver.com [32m200[0m 2.677 ms - 21[0m
[0mGET /api/sync/costs/recurring?owner_email=luigi%40lansolver.com [32m200[0m 1.390 ms - 649[0m
[0mGET /api/sync/costs/budgets?owner_email=luigi%40lansolver.com [36m304[0m 1.281 ms - -[0m
[0mGET /api/sync/insurance?owner_email=luigi%40lansolver.com [32m200[0m 1.415 ms - 1369[0m
[0mGET /api/sync/asset_docs?owner_email=luigi%40lansolver.com [32m200[0m 1.365 ms - 1146[0m
[0mGET /api/sync/costs/expenses?owner_email=luigi%40lansolver.com [32m200[0m 1.368 ms - 244[0m
[0mGET /api/sync/costs/recurring?owner_email=luigi%40lansolver.com [32m200[0m 1.281 ms - 649[0m
[0mGET /api/sync/costs/budgets?owner_email=luigi%40lansolver.com [36m304[0m 1.237 ms - -[0m
[0mGET /api/sync/insurance?owner_email=luigi%40lansolver.com [32m200[0m 1.332 ms - 1369[0m
[0mGET /api/sync/asset_docs?owner_email=luigi%40lansolver.com [32m200[0m 2.751 ms - 1146[0m
[0mGET /api/sync/stock/movements?owner_email=luigi%40lansolver.com [36m304[0m 2.625 ms - -[0m
[0mGET /api/sync/stock/movements?owner_email=luigi%40lansolver.com [36m304[0m 6.385 ms - -[0m
[0mGET /api/sync/insurance?owner_email=luigi%40lansolver.com [32m200[0m 6.344 ms - 1369[0m
[0mGET /api/sync/costs/recurring?owner_email=luigi%40lansolver.com [32m200[0m 1.228 ms - 649[0m
[0mGET /api/sync/costs/expenses?owner_email=luigi%40lansolver.com [36m304[0m 1.597 ms - -[0m
[0mGET /api/sync/costs/budgets?owner_email=luigi%40lansolver.com [36m304[0m 2.126 ms - -[0m
[0mGET /api/providers?page=1&limit=20 [36m304[0m 2.618 ms - -[0m
[0mGET /api/sync/stock/movements?owner_email=luigi%40lansolver.com [36m304[0m 1.132 ms - -[0m
[0mGET /api/sync/asset_docs?owner_email=luigi%40lansolver.com [36m304[0m 1.007 ms - -[0m
[0mGET /api/sync/assets [32m200[0m 3.880 ms - 421[0m
[0mGET /api/sync/assets [32m200[0m 4.130 ms - 421[0m
[0mGET /api/config [32m200[0m 2.321 ms - 417[0m
[0mGET /api/config [32m200[0m 2.640 ms - 417[0m
[0mGET /api/sync/assets [36m304[0m 4.904 ms - -[0m
[0mGET /api/config [32m200[0m 5.147 ms - 417[0m
[0mGET /api/sync/stock/items?owner_email=luigi%40lansolver.com [36m304[0m 8.999 ms - -[0m
[0mGET /api/sync/vault?owner_email=luigi%40lansolver.com [36m304[0m 3.514 ms - -[0m
[0mGET /api/sync/maintenances?owner_email=luigi%40lansolver.com [36m304[0m 5.648 ms - -[0m
[0mPOST /api/sync/insurance?owner_email=luigi%40lansolver.com [32m200[0m 7.574 ms - 21[0m
[0mPOST /api/sync/costs/expenses?owner_email=luigi%40lansolver.com [32m200[0m 13.803 ms - 21[0m
[0mPOST /api/sync/costs/recurring?owner_email=luigi%40lansolver.com [32m200[0m 12.986 ms - 21[0m
[0mGET /api/sync/media?owner_email=luigi%40lansolver.com [36m304[0m 2.726 ms - -[0m
[0mPOST /api/sync/asset_docs?owner_email=luigi%40lansolver.com [32m200[0m 3.416 ms - 21[0m
[0mGET /api/sync/costs/expenses?owner_email=luigi%40lansolver.com [32m200[0m 9.436 ms - 244[0m
[0mGET /api/sync/costs/budgets?owner_email=luigi%40lansolver.com [36m304[0m 2.791 ms - -[0m
[0mGET /api/sync/stock/movements?owner_email=luigi%40lansolver.com [36m304[0m 2.375 ms - -[0m
[0mGET /api/sync/insurance?owner_email=luigi%40lansolver.com [32m200[0m 11.442 ms - 1369[0m
[0mGET /api/sync/costs/recurring?owner_email=luigi%40lansolver.com [32m200[0m 3.778 ms - 649[0m
[0mGET /api/sync/asset_docs?owner_email=luigi%40lansolver.com [32m200[0m 3.289 ms - 1146[0m
[0mGET /api/sync/assets [36m304[0m 3.666 ms - -[0m
[0mGET /api/config [32m200[0m 3.636 ms - 417[0m
[0mGET /api/shares/pending [36m304[0m 2.353 ms - -[0m
[0mGET /api/providers?page=1&limit=20 [36m304[0m 3.879 ms - -[0m
[0mGET /api/shares/pending [36m304[0m 6.926 ms - -[0m
[0mGET /api/providers?page=1&limit=20 [36m304[0m 5.774 ms - -[0m
prisma:error 
Invalid `prisma.asset.upsert()` invocation:

{
  where: {
    id: "brsp-606491"
  },
  create: {
    id: "brsp-606491",
    tenantId: "cmn6sf2we004g5epyw7uxjo73",
    title: "Carro",
    type: "VEHICLE",
          ~~~~~~~~~
    status: "OPERACIONAL",
    imageUrl: null,
    parentId: null,
    metadata: {
      inventoryId: "",
      brand: "",
      model: "",
      serialNumber: "",
      costCenter: "",
      acquisitionValue: "",
      cep: "",
      street: "",
      streetNumber: "",
      complement: "",
      neighborhood: "",
      city: "",
      state: "",
      gpsCoordinates: "",
      owner: "",
      department: "",
      customFields: [],
      photos: []
    }
  },
  update: {
    title: "Carro",
    status: "OPERACIONAL",
    imageUrl: null,
    parentId: null,
    metadata: {
      inventoryId: "",
      brand: "",
      model: "",
      serialNumber: "",
      costCenter: "",
      acquisitionValue: "",
      cep: "",
      street: "",
      streetNumber: "",
      complement: "",
      neighborhood: "",
      city: "",
      state: "",
      gpsCoordinates: "",
      owner: "",
      department: "",
      customFields: [],
      photos: []
    }
  }
}

Invalid value for argument `type`. Expected AssetType.
[sync/push] Erro ao processar item CREATE_ASSET: PrismaClientValidationError: 
Invalid `prisma.asset.upsert()` invocation:

{
  where: {
    id: "brsp-606491"
  },
  create: {
    id: "brsp-606491",
    tenantId: "cmn6sf2we004g5epyw7uxjo73",
    title: "Carro",
    type: "VEHICLE",
          ~~~~~~~~~
    status: "OPERACIONAL",
    imageUrl: null,
    parentId: null,
    metadata: {
      inventoryId: "",
      brand: "",
      model: "",
      serialNumber: "",
      costCenter: "",
      acquisitionValue: "",
      cep: "",
      street: "",
      streetNumber: "",
      complement: "",
      neighborhood: "",
      city: "",
      state: "",
      gpsCoordinates: "",
      owner: "",
      department: "",
      customFields: [],
      photos: []
    }
  },
  update: {
    title: "Carro",
    status: "OPERACIONAL",
    imageUrl: null,
    parentId: null,
    metadata: {
      inventoryId: "",
      brand: "",
      model: "",
      serialNumber: "",
      costCenter: "",
      acquisitionValue: "",
      cep: "",
      street: "",
      streetNumber: "",
      complement: "",
      neighborhood: "",
      city: "",
      state: "",
      gpsCoordinates: "",
      owner: "",
      department: "",
      customFields: [],
      photos: []
    }
  }
}

Invalid value for argument `type`. Expected AssetType.
    at wn (/Users/alex/Lansolver Dropbox/Alex Benedito/antigravity/BrsparkMobile/admin-panel/backend/node_modules/@prisma/client/runtime/library.js:29:1363)
    at $n.handleRequestError (/Users/alex/Lansolver Dropbox/Alex Benedito/antigravity/BrsparkMobile/admin-panel/backend/node_modules/@prisma/client/runtime/library.js:121:6958)
    at $n.handleAndLogRequestError (/Users/alex/Lansolver Dropbox/Alex Benedito/antigravity/BrsparkMobile/admin-panel/backend/node_modules/@prisma/client/runtime/library.js:121:6623)
    at $n.request (/Users/alex/Lansolver Dropbox/Alex Benedito/antigravity/BrsparkMobile/admin-panel/backend/node_modules/@prisma/client/runtime/library.js:121:6307)
    at async l (/Users/alex/Lansolver Dropbox/Alex Benedito/antigravity/BrsparkMobile/admin-panel/backend/node_modules/@prisma/client/runtime/library.js:130:9633)
    at async /Users/alex/Lansolver Dropbox/Alex Benedito/antigravity/BrsparkMobile/admin-panel/backend/src/routes/sync.js:97:13 {
  clientVersion: '5.22.0'
}
[0mPOST /api/sync/push [32m200[0m 6.838 ms - 35[0m
prisma:error 
Invalid `prisma.asset.upsert()` invocation:

{
  where: {
    id: "brsp-606491"
  },
  create: {
    id: "brsp-606491",
    tenantId: "cmn6sf2we004g5epyw7uxjo73",
    title: "Carro",
    type: "VEHICLE",
          ~~~~~~~~~
    status: "OPERACIONAL",
    imageUrl: null,
    parentId: null,
    metadata: {
      inventoryId: "",
      brand: "",
      model: "",
      serialNumber: "",
      costCenter: "",
      acquisitionValue: "",
      cep: "",
      street: "",
      streetNumber: "",
      complement: "",
      neighborhood: "",
      city: "",
      state: "",
      gpsCoordinates: "",
      owner: "",
      department: "",
      customFields: [],
      photos: []
    }
  },
  update: {
    title: "Carro",
    status: "OPERACIONAL",
    imageUrl: null,
    parentId: null,
    metadata: {
      inventoryId: "",
      brand: "",
      model: "",
      serialNumber: "",
      costCenter: "",
      acquisitionValue: "",
      cep: "",
      street: "",
      streetNumber: "",
      complement: "",
      neighborhood: "",
      city: "",
      state: "",
      gpsCoordinates: "",
      owner: "",
      department: "",
      customFields: [],
      photos: []
    }
  }
}

Invalid value for argument `type`. Expected AssetType.
[sync/push] Erro ao processar item CREATE_ASSET: PrismaClientValidationError: 
Invalid `prisma.asset.upsert()` invocation:

{
  where: {
    id: "brsp-606491"
  },
  create: {
    id: "brsp-606491",
    tenantId: "cmn6sf2we004g5epyw7uxjo73",
    title: "Carro",
    type: "VEHICLE",
          ~~~~~~~~~
    status: "OPERACIONAL",
    imageUrl: null,
    parentId: null,
    metadata: {
      inventoryId: "",
      brand: "",
      model: "",
      serialNumber: "",
      costCenter: "",
      acquisitionValue: "",
      cep: "",
      street: "",
      streetNumber: "",
      complement: "",
      neighborhood: "",
      city: "",
      state: "",
      gpsCoordinates: "",
      owner: "",
      department: "",
      customFields: [],
      photos: []
    }
  },
  update: {
    title: "Carro",
    status: "OPERACIONAL",
    imageUrl: null,
    parentId: null,
    metadata: {
      inventoryId: "",
      brand: "",
      model: "",
      serialNumber: "",
      costCenter: "",
      acquisitionValue: "",
      cep: "",
      street: "",
      streetNumber: "",
      complement: "",
      neighborhood: "",
      city: "",
      state: "",
      gpsCoordinates: "",
      owner: "",
      department: "",
      customFields: [],
      photos: []
    }
  }
}

Invalid value for argument `type`. Expected AssetType.
    at wn (/Users/alex/Lansolver Dropbox/Alex Benedito/antigravity/BrsparkMobile/admin-panel/backend/node_modules/@prisma/client/runtime/library.js:29:1363)
    at $n.handleRequestError (/Users/alex/Lansolver Dropbox/Alex Benedito/antigravity/BrsparkMobile/admin-panel/backend/node_modules/@prisma/client/runtime/library.js:121:6958)
    at $n.handleAndLogRequestError (/Users/alex/Lansolver Dropbox/Alex Benedito/antigravity/BrsparkMobile/admin-panel/backend/node_modules/@prisma/client/runtime/library.js:121:6623)
    at $n.request (/Users/alex/Lansolver Dropbox/Alex Benedito/antigravity/BrsparkMobile/admin-panel/backend/node_modules/@prisma/client/runtime/library.js:121:6307)
    at async l (/Users/alex/Lansolver Dropbox/Alex Benedito/antigravity/BrsparkMobile/admin-panel/backend/node_modules/@prisma/client/runtime/library.js:130:9633)
    at async /Users/alex/Lansolver Dropbox/Alex Benedito/antigravity/BrsparkMobile/admin-panel/backend/src/routes/sync.js:97:13 {
  clientVersion: '5.22.0'
}
[0mPOST /api/sync/push [32m200[0m 2.420 ms - 35[0m
[0mGET /api/shares/pending [36m304[0m 5.533 ms - -[0m
[0mGET /api/providers?page=1&limit=20 [36m304[0m 3.653 ms - -[0m
[0mGET /api/sync/stock/items?owner_email=luigi%40lansolver.com [36m304[0m 5.080 ms - -[0m
[0mGET /api/sync/maintenances?owner_email=luigi%40lansolver.com [36m304[0m 3.348 ms - -[0m
[0mPOST /api/sync/insurance?owner_email=luigi%40lansolver.com [32m200[0m 5.909 ms - 21[0m
[0mPOST /api/sync/costs/expenses?owner_email=luigi%40lansolver.com [32m200[0m 8.222 ms - 21[0m
[0mPOST /api/sync/costs/recurring?owner_email=luigi%40lansolver.com [32m200[0m 7.616 ms - 21[0m
[0mGET /api/sync/vault?owner_email=luigi%40lansolver.com [36m304[0m 1.698 ms - -[0m
[0mGET /api/sync/media?owner_email=luigi%40lansolver.com [36m304[0m 1.262 ms - -[0m
[0mPOST /api/sync/asset_docs?owner_email=luigi%40lansolver.com [32m200[0m 6.046 ms - 21[0m
[0mGET /api/sync/insurance?owner_email=luigi%40lansolver.com [32m200[0m 3.906 ms - 1369[0m
[0mGET /api/sync/costs/expenses?owner_email=luigi%40lansolver.com [32m200[0m 3.763 ms - 244[0m
[0mGET /api/sync/costs/budgets?owner_email=luigi%40lansolver.com [36m304[0m 3.202 ms - -[0m
[0mGET /api/sync/stock/movements?owner_email=luigi%40lansolver.com [36m304[0m 2.416 ms - -[0m
[0mGET /api/sync/costs/recurring?owner_email=luigi%40lansolver.com [32m200[0m 4.158 ms - 649[0m
[0mGET /api/sync/asset_docs?owner_email=luigi%40lansolver.com [32m200[0m 3.658 ms - 1146[0m
[0mGET /api/sync/assets [36m304[0m 4.233 ms - -[0m
[0mGET /api/config [32m200[0m 4.120 ms - 417[0m
[0mGET /api/shares/pending [36m304[0m 13.250 ms - -[0m
[0mGET /api/providers?page=1&limit=20 [36m304[0m 3.997 ms - -[0m
[0mGET /api/2fa/status [33m404[0m 0.327 ms - 27[0m
[0mGET /api/2fa/status [33m404[0m 0.901 ms - 27[0m
[0mGET /api/sync/assets [33m401[0m 0.262 ms - 33[0m
[0mGET /api/config [32m200[0m 7.752 ms - 417[0m
[0mPOST /api/login [32m200[0m 179.205 ms - 533[0m
[0mGET /api/sync/stock/items?owner_email=luigi%40lansolver.com [36m304[0m 16.481 ms - -[0m
[0mGET /api/sync/stock/items?owner_email=luigi%40lansolver.com [36m304[0m 14.161 ms - -[0m
[0mGET /api/sync/vault?owner_email=luigi%40lansolver.com [36m304[0m 4.837 ms - -[0m
[0mGET /api/sync/media?owner_email=luigi%40lansolver.com [36m304[0m 4.713 ms - -[0m
[0mGET /api/sync/maintenances?owner_email=luigi%40lansolver.com [36m304[0m 14.195 ms - -[0m
[0mPOST /api/sync/costs/recurring?owner_email=luigi%40lansolver.com [32m200[0m 43.442 ms - 21[0m
[0mPOST /api/sync/costs/recurring?owner_email=luigi%40lansolver.com [32m200[0m 15.323 ms - 21[0m
[0mPOST /api/sync/costs/expenses?owner_email=luigi%40lansolver.com [32m200[0m 51.314 ms - 21[0m
[0mPOST /api/sync/insurance?owner_email=luigi%40lansolver.com [32m200[0m 4.122 ms - 21[0m
[0mGET /api/sync/maintenances?owner_email=luigi%40lansolver.com [36m304[0m 3.365 ms - -[0m
[0mGET /api/sync/vault?owner_email=luigi%40lansolver.com [36m304[0m 3.189 ms - -[0m
[0mGET /api/sync/media?owner_email=luigi%40lansolver.com [36m304[0m 1.043 ms - -[0m
[0mPOST /api/sync/asset_docs?owner_email=luigi%40lansolver.com [32m200[0m 53.184 ms - 21[0m
[0mPOST /api/sync/insurance?owner_email=luigi%40lansolver.com [32m200[0m 66.492 ms - 21[0m
[0mPOST /api/sync/asset_docs?owner_email=luigi%40lansolver.com [32m200[0m 3.845 ms - 21[0m
[0mPOST /api/sync/costs/expenses?owner_email=luigi%40lansolver.com [32m200[0m 121.019 ms - 21[0m
[0mGET /api/shares/pending [36m304[0m 1.226 ms - -[0m
[0mGET /api/sync/stock/items?owner_email=luigi%40lansolver.com [36m304[0m 1.481 ms - -[0m
[0mGET /api/sync/maintenances?owner_email=luigi%40lansolver.com [36m304[0m 1.902 ms - -[0m
[0mPOST /api/sync/costs/expenses?owner_email=luigi%40lansolver.com [32m200[0m 3.805 ms - 21[0m
[0mPOST /api/sync/costs/recurring?owner_email=luigi%40lansolver.com [32m200[0m 3.106 ms - 21[0m
[0mPOST /api/sync/insurance?owner_email=luigi%40lansolver.com [32m200[0m 2.944 ms - 21[0m
[0mGET /api/sync/vault?owner_email=luigi%40lansolver.com [36m304[0m 1.982 ms - -[0m
[0mGET /api/sync/media?owner_email=luigi%40lansolver.com [36m304[0m 1.623 ms - -[0m
[0mGET /api/sync/costs/expenses?owner_email=luigi%40lansolver.com [32m200[0m 1.595 ms - 244[0m
[0mGET /api/sync/costs/budgets?owner_email=luigi%40lansolver.com [36m304[0m 1.340 ms - -[0m
[0mPOST /api/sync/asset_docs?owner_email=luigi%40lansolver.com [32m200[0m 2.578 ms - 21[0m
[0mGET /api/sync/asset_docs?owner_email=luigi%40lansolver.com [32m200[0m 2.590 ms - 1146[0m
[0mGET /api/sync/insurance?owner_email=luigi%40lansolver.com [32m200[0m 1.832 ms - 1369[0m
[0mGET /api/sync/insurance?owner_email=luigi%40lansolver.com [32m200[0m 1.742 ms - 1369[0m
[0mGET /api/sync/asset_docs?owner_email=luigi%40lansolver.com [32m200[0m 1.702 ms - 1146[0m
[0mGET /api/sync/costs/expenses?owner_email=luigi%40lansolver.com [32m200[0m 1.593 ms - 244[0m
[0mGET /api/sync/costs/budgets?owner_email=luigi%40lansolver.com [36m304[0m 1.138 ms - -[0m
[0mGET /api/sync/stock/movements?owner_email=luigi%40lansolver.com [36m304[0m 1.128 ms - -[0m
[0mGET /api/sync/stock/movements?owner_email=luigi%40lansolver.com [36m304[0m 1.060 ms - -[0m
[0mGET /api/sync/costs/recurring?owner_email=luigi%40lansolver.com [32m200[0m 1.593 ms - 649[0m
[0mGET /api/sync/costs/expenses?owner_email=luigi%40lansolver.com [32m200[0m 1.227 ms - 244[0m
[0mGET /api/sync/costs/budgets?owner_email=luigi%40lansolver.com [36m304[0m 0.975 ms - -[0m
[0mGET /api/providers?page=1&limit=20 [36m304[0m 1.100 ms - -[0m
[0mGET /api/sync/costs/recurring?owner_email=luigi%40lansolver.com [32m200[0m 1.608 ms - 649[0m
[0mGET /api/sync/stock/movements?owner_email=luigi%40lansolver.com [36m304[0m 0.777 ms - -[0m
[0mGET /api/sync/insurance?owner_email=luigi%40lansolver.com [32m200[0m 0.720 ms - 1369[0m
[0mGET /api/sync/costs/recurring?owner_email=luigi%40lansolver.com [32m200[0m 49.304 ms - 649[0m
[0mGET /api/sync/asset_docs?owner_email=luigi%40lansolver.com [36m304[0m 0.864 ms - -[0m
[0mGET /api/sync/assets [32m200[0m 13.606 ms - 421[0m
[0mGET /api/sync/assets [32m200[0m 10.292 ms - 421[0m
[0mGET /api/sync/assets [32m200[0m 6.762 ms - 421[0m
[0mGET /api/config [32m200[0m 1.076 ms - 417[0m
[0mGET /api/config [32m200[0m 1.683 ms - 417[0m
[0mGET /api/config [32m200[0m 1.865 ms - 417[0m
[0mGET /api/sync/stock/items?owner_email=luigi%40lansolver.com [36m304[0m 12.021 ms - -[0m
[0mGET /api/sync/vault?owner_email=luigi%40lansolver.com [36m304[0m 4.765 ms - -[0m
[0mGET /api/sync/maintenances?owner_email=luigi%40lansolver.com [36m304[0m 6.393 ms - -[0m
[0mPOST /api/sync/costs/expenses?owner_email=luigi%40lansolver.com [32m200[0m 12.218 ms - 21[0m
[0mPOST /api/sync/costs/recurring?owner_email=luigi%40lansolver.com [32m200[0m 11.417 ms - 21[0m
[0mPOST /api/sync/insurance?owner_email=luigi%40lansolver.com [32m200[0m 8.533 ms - 21[0m
[0mGET /api/sync/media?owner_email=luigi%40lansolver.com [36m304[0m 1.930 ms - -[0m
[0mPOST /api/sync/asset_docs?owner_email=luigi%40lansolver.com [32m200[0m 3.763 ms - 21[0m
[0mGET /api/sync/costs/recurring?owner_email=luigi%40lansolver.com [32m200[0m 4.919 ms - 649[0m
[0mGET /api/sync/costs/budgets?owner_email=luigi%40lansolver.com [36m304[0m 4.858 ms - -[0m
[0mGET /api/sync/insurance?owner_email=luigi%40lansolver.com [32m200[0m 4.946 ms - 1369[0m
[0mGET /api/sync/asset_docs?owner_email=luigi%40lansolver.com [32m200[0m 4.864 ms - 1146[0m
[0mGET /api/sync/stock/movements?owner_email=luigi%40lansolver.com [36m304[0m 4.571 ms - -[0m
[0mGET /api/sync/costs/expenses?owner_email=luigi%40lansolver.com [32m200[0m 7.298 ms - 244[0m
[0mGET /api/sync/assets [36m304[0m 3.977 ms - -[0m
[0mGET /api/config [32m200[0m 2.034 ms - 417[0m
[0mGET /api/shares/pending [36m304[0m 2.099 ms - -[0m
[0mGET /api/providers?page=1&limit=20 [36m304[0m 2.001 ms - -[0m
[0mGET /api/shares/pending [36m304[0m 1.961 ms - -[0m
[0mGET /api/providers?page=1&limit=20 [36m304[0m 2.170 ms - -[0m
[0mGET /api/shares/pending [36m304[0m 11.509 ms - -[0m
[0mGET /api/providers?page=1&limit=20 [36m304[0m 134.344 ms - -[0m
[0mGET /api/shares/pending [36m304[0m 12.889 ms - -[0m
[0mGET /api/providers?page=1&limit=20 [36m304[0m 4.842 ms - -[0m
[0mGET /api/sync/stock/items?owner_email=luigi%40lansolver.com [36m304[0m 34.808 ms - -[0m
[0mGET /api/sync/vault?owner_email=luigi%40lansolver.com [36m304[0m 24.534 ms - -[0m
[0mGET /api/sync/maintenances?owner_email=luigi%40lansolver.com [36m304[0m 25.787 ms - -[0m
[0mPOST /api/sync/costs/recurring?owner_email=luigi%40lansolver.com [32m200[0m 42.798 ms - 21[0m
[0mPOST /api/sync/costs/expenses?owner_email=luigi%40lansolver.com [32m200[0m 46.303 ms - 21[0m
[0mPOST /api/sync/insurance?owner_email=luigi%40lansolver.com [32m200[0m 39.746 ms - 21[0m
[0mGET /api/sync/media?owner_email=luigi%40lansolver.com [36m304[0m 1.774 ms - -[0m
[0mPOST /api/sync/asset_docs?owner_email=luigi%40lansolver.com [32m200[0m 3.113 ms - 21[0m
[0mGET /api/sync/stock/movements?owner_email=luigi%40lansolver.com [36m304[0m 1.307 ms - -[0m
[0mGET /api/sync/costs/budgets?owner_email=luigi%40lansolver.com [36m304[0m 1.690 ms - -[0m
[0mGET /api/sync/insurance?owner_email=luigi%40lansolver.com [32m200[0m 1.695 ms - 1369[0m
[0mGET /api/sync/asset_docs?owner_email=luigi%40lansolver.com [32m200[0m 1.644 ms - 1146[0m
[0mGET /api/sync/costs/recurring?owner_email=luigi%40lansolver.com [32m200[0m 2.671 ms - 649[0m
[0mGET /api/sync/costs/expenses?owner_email=luigi%40lansolver.com [32m200[0m 2.497 ms - 244[0m
[0mGET /api/sync/assets [36m304[0m 7.802 ms - -[0m
[0mGET /api/config [32m200[0m 4.664 ms - 417[0m
[0mGET /api/shares/pending [36m304[0m 2.005 ms - -[0m
[0mGET /api/providers?page=1&limit=20 [36m304[0m 6.967 ms - -[0m
[0mGET /api/shares/pending [36m304[0m 4.615 ms - -[0m
[0mGET /api/providers?page=1&limit=20 [36m304[0m 3.139 ms - -[0m
prisma:error 
Invalid `prisma.asset.upsert()` invocation:

{
  where: {
    id: "brsp-049362"
  },
  create: {
    id: "brsp-049362",
    tenantId: "cmn6sf2we004g5epyw7uxjo73",
    title: "Carro",
    type: "VEHICLE",
          ~~~~~~~~~
    status: "OPERACIONAL",
    imageUrl: null,
    parentId: null,
    metadata: {
      inventoryId: "",
      brand: "",
      model: "",
      serialNumber: "",
      costCenter: "",
      acquisitionValue: "",
      cep: "",
      street: "",
      streetNumber: "",
      complement: "",
      neighborhood: "",
      city: "",
      state: "",
      gpsCoordinates: "",
      owner: "",
      department: "",
      customFields: [],
      photos: []
    }
  },
  update: {
    title: "Carro",
    status: "OPERACIONAL",
    imageUrl: null,
    parentId: null,
    metadata: {
      inventoryId: "",
      brand: "",
      model: "",
      serialNumber: "",
      costCenter: "",
      acquisitionValue: "",
      cep: "",
      street: "",
      streetNumber: "",
      complement: "",
      neighborhood: "",
      city: "",
      state: "",
      gpsCoordinates: "",
      owner: "",
      department: "",
      customFields: [],
      photos: []
    }
  }
}

Invalid value for argument `type`. Expected AssetType.
[sync/push] Erro ao processar item CREATE_ASSET: PrismaClientValidationError: 
Invalid `prisma.asset.upsert()` invocation:

{
  where: {
    id: "brsp-049362"
  },
  create: {
    id: "brsp-049362",
    tenantId: "cmn6sf2we004g5epyw7uxjo73",
    title: "Carro",
    type: "VEHICLE",
          ~~~~~~~~~
    status: "OPERACIONAL",
    imageUrl: null,
    parentId: null,
    metadata: {
      inventoryId: "",
      brand: "",
      model: "",
      serialNumber: "",
      costCenter: "",
      acquisitionValue: "",
      cep: "",
      street: "",
      streetNumber: "",
      complement: "",
      neighborhood: "",
      city: "",
      state: "",
      gpsCoordinates: "",
      owner: "",
      department: "",
      customFields: [],
      photos: []
    }
  },
  update: {
    title: "Carro",
    status: "OPERACIONAL",
    imageUrl: null,
    parentId: null,
    metadata: {
      inventoryId: "",
      brand: "",
      model: "",
      serialNumber: "",
      costCenter: "",
      acquisitionValue: "",
      cep: "",
      street: "",
      streetNumber: "",
      complement: "",
      neighborhood: "",
      city: "",
      state: "",
      gpsCoordinates: "",
      owner: "",
      department: "",
      customFields: [],
      photos: []
    }
  }
}

Invalid value for argument `type`. Expected AssetType.
    at wn (/Users/alex/Lansolver Dropbox/Alex Benedito/antigravity/BrsparkMobile/admin-panel/backend/node_modules/@prisma/client/runtime/library.js:29:1363)
    at $n.handleRequestError (/Users/alex/Lansolver Dropbox/Alex Benedito/antigravity/BrsparkMobile/admin-panel/backend/node_modules/@prisma/client/runtime/library.js:121:6958)
    at $n.handleAndLogRequestError (/Users/alex/Lansolver Dropbox/Alex Benedito/antigravity/BrsparkMobile/admin-panel/backend/node_modules/@prisma/client/runtime/library.js:121:6623)
    at $n.request (/Users/alex/Lansolver Dropbox/Alex Benedito/antigravity/BrsparkMobile/admin-panel/backend/node_modules/@prisma/client/runtime/library.js:121:6307)
    at async l (/Users/alex/Lansolver Dropbox/Alex Benedito/antigravity/BrsparkMobile/admin-panel/backend/node_modules/@prisma/client/runtime/library.js:130:9633)
    at async /Users/alex/Lansolver Dropbox/Alex Benedito/antigravity/BrsparkMobile/admin-panel/backend/src/routes/sync.js:97:13 {
  clientVersion: '5.22.0'
}
[0mPOST /api/sync/push [32m200[0m 41.228 ms - 35[0m
prisma:error 
Invalid `prisma.asset.upsert()` invocation:

{
  where: {
    id: "brsp-049362"
  },
  create: {
    id: "brsp-049362",
    tenantId: "cmn6sf2we004g5epyw7uxjo73",
    title: "Carro",
    type: "VEHICLE",
          ~~~~~~~~~
    status: "OPERACIONAL",
    imageUrl: null,
    parentId: null,
    metadata: {
      inventoryId: "",
      brand: "",
      model: "",
      serialNumber: "",
      costCenter: "",
      acquisitionValue: "",
      cep: "",
      street: "",
      streetNumber: "",
      complement: "",
      neighborhood: "",
      city: "",
      state: "",
      gpsCoordinates: "",
      owner: "",
      department: "",
      customFields: [],
      photos: []
    }
  },
  update: {
    title: "Carro",
    status: "OPERACIONAL",
    imageUrl: null,
    parentId: null,
    metadata: {
      inventoryId: "",
      brand: "",
      model: "",
      serialNumber: "",
      costCenter: "",
      acquisitionValue: "",
      cep: "",
      street: "",
      streetNumber: "",
      complement: "",
      neighborhood: "",
      city: "",
      state: "",
      gpsCoordinates: "",
      owner: "",
      department: "",
      customFields: [],
      photos: []
    }
  }
}

Invalid value for argument `type`. Expected AssetType.
[sync/push] Erro ao processar item CREATE_ASSET: PrismaClientValidationError: 
Invalid `prisma.asset.upsert()` invocation:

{
  where: {
    id: "brsp-049362"
  },
  create: {
    id: "brsp-049362",
    tenantId: "cmn6sf2we004g5epyw7uxjo73",
    title: "Carro",
    type: "VEHICLE",
          ~~~~~~~~~
    status: "OPERACIONAL",
    imageUrl: null,
    parentId: null,
    metadata: {
      inventoryId: "",
      brand: "",
      model: "",
      serialNumber: "",
      costCenter: "",
      acquisitionValue: "",
      cep: "",
      street: "",
      streetNumber: "",
      complement: "",
      neighborhood: "",
      city: "",
      state: "",
      gpsCoordinates: "",
      owner: "",
      department: "",
      customFields: [],
      photos: []
    }
  },
  update: {
    title: "Carro",
    status: "OPERACIONAL",
    imageUrl: null,
    parentId: null,
    metadata: {
      inventoryId: "",
      brand: "",
      model: "",
      serialNumber: "",
      costCenter: "",
      acquisitionValue: "",
      cep: "",
      street: "",
      streetNumber: "",
      complement: "",
      neighborhood: "",
      city: "",
      state: "",
      gpsCoordinates: "",
      owner: "",
      department: "",
      customFields: [],
      photos: []
    }
  }
}

Invalid value for argument `type`. Expected AssetType.
    at wn (/Users/alex/Lansolver Dropbox/Alex Benedito/antigravity/BrsparkMobile/admin-panel/backend/node_modules/@prisma/client/runtime/library.js:29:1363)
    at $n.handleRequestError (/Users/alex/Lansolver Dropbox/Alex Benedito/antigravity/BrsparkMobile/admin-panel/backend/node_modules/@prisma/client/runtime/library.js:121:6958)
    at $n.handleAndLogRequestError (/Users/alex/Lansolver Dropbox/Alex Benedito/antigravity/BrsparkMobile/admin-panel/backend/node_modules/@prisma/client/runtime/library.js:121:6623)
    at $n.request (/Users/alex/Lansolver Dropbox/Alex Benedito/antigravity/BrsparkMobile/admin-panel/backend/node_modules/@prisma/client/runtime/library.js:121:6307)
    at async l (/Users/alex/Lansolver Dropbox/Alex Benedito/antigravity/BrsparkMobile/admin-panel/backend/node_modules/@prisma/client/runtime/library.js:130:9633)
    at async /Users/alex/Lansolver Dropbox/Alex Benedito/antigravity/BrsparkMobile/admin-panel/backend/src/routes/sync.js:97:13 {
  clientVersion: '5.22.0'
}
[0mPOST /api/sync/push [32m200[0m 7.793 ms - 35[0m
[0mGET /api/shares/pending [36m304[0m 4.345 ms - -[0m
[0mGET /api/providers?page=1&limit=20 [36m304[0m 6.741 ms - -[0m
[0mGET /api/sync/stock/items?owner_email=luigi%40lansolver.com [36m304[0m 7.801 ms - -[0m
[0mGET /api/sync/maintenances?owner_email=luigi%40lansolver.com [36m304[0m 3.287 ms - -[0m
[0mGET /api/sync/vault?owner_email=luigi%40lansolver.com [36m304[0m 3.735 ms - -[0m
[0mGET /api/sync/media?owner_email=luigi%40lansolver.com [36m304[0m 1.606 ms - -[0m
[0mPOST /api/sync/costs/recurring?owner_email=luigi%40lansolver.com [32m200[0m 7.084 ms - 21[0m
[0mPOST /api/sync/insurance?owner_email=luigi%40lansolver.com [32m200[0m 6.827 ms - 21[0m
[0mPOST /api/sync/costs/expenses?owner_email=luigi%40lansolver.com [32m200[0m 8.134 ms - 21[0m
[0mPOST /api/sync/asset_docs?owner_email=luigi%40lansolver.com [32m200[0m 3.284 ms - 21[0m
[0mGET /api/sync/insurance?owner_email=luigi%40lansolver.com [32m200[0m 6.897 ms - 1369[0m
[0mGET /api/sync/costs/expenses?owner_email=luigi%40lansolver.com [32m200[0m 6.518 ms - 244[0m
[0mGET /api/sync/costs/recurring?owner_email=luigi%40lansolver.com [32m200[0m 5.736 ms - 649[0m
[0mGET /api/sync/costs/budgets?owner_email=luigi%40lansolver.com [36m304[0m 5.204 ms - -[0m
[0mGET /api/sync/stock/movements?owner_email=luigi%40lansolver.com [36m304[0m 2.003 ms - -[0m
[0mGET /api/sync/asset_docs?owner_email=luigi%40lansolver.com [32m200[0m 3.939 ms - 1146[0m
[0mGET /api/sync/assets [36m304[0m 6.957 ms - -[0m
[0mGET /api/config [32m200[0m 2.805 ms - 417[0m
[0mGET /api/shares/pending [36m304[0m 3.936 ms - -[0m
[0mGET /api/providers?page=1&limit=20 [36m304[0m 4.517 ms - -[0m
[0mGET /api/shares/pending [36m304[0m 3.556 ms - -[0m
[0mGET /api/providers?page=1&limit=20 [36m304[0m 2.859 ms - -[0m
[0mGET /api/shares/pending [36m304[0m 2.308 ms - -[0m
[0mGET /api/providers?page=1&limit=20 [36m304[0m 2.745 ms - -[0m
[0mGET /api/shares/pending [36m304[0m 2.403 ms - -[0m
[0mGET /api/providers?page=1&limit=20 [36m304[0m 2.986 ms - -[0m
[0mGET /api/shares/pending [36m304[0m 3.350 ms - -[0m
[0mGET /api/providers?page=1&limit=20 [36m304[0m 2.328 ms - -[0m
[0mGET /api/shares/pending [36m304[0m 3.493 ms - -[0m
[0mGET /api/providers?page=1&limit=20 [36m304[0m 4.106 ms - -[0m
[0mGET /api/shares/pending [36m304[0m 9.064 ms - -[0m
[0mGET /api/providers?page=1&limit=20 [36m304[0m 3.485 ms - -[0m
[0mGET /api/shares/pending [36m304[0m 2.430 ms - -[0m
[0mGET /api/providers?page=1&limit=20 [36m304[0m 1.177 ms - -[0m
prisma:error 
Invalid `prisma.asset.upsert()` invocation:

{
  where: {
    id: "brsp-049362"
  },
  create: {
    id: "brsp-049362",
    tenantId: "cmn6sf2we004g5epyw7uxjo73",
    title: "Carro",
    type: "VEHICLE",
          ~~~~~~~~~
    status: "OPERACIONAL",
    imageUrl: null,
    parentId: null,
    metadata: {
      inventoryId: "",
      brand: "",
      model: "",
      serialNumber: "",
      costCenter: "",
      acquisitionValue: "",
      cep: "",
      street: "",
      streetNumber: "",
      complement: "",
      neighborhood: "",
      city: "",
      state: "",
      gpsCoordinates: "",
      owner: "",
      department: "",
      customFields: [],
      photos: []
    }
  },
  update: {
    title: "Carro",
    status: "OPERACIONAL",
    imageUrl: null,
    parentId: null,
    metadata: {
      inventoryId: "",
      brand: "",
      model: "",
      serialNumber: "",
      costCenter: "",
      acquisitionValue: "",
      cep: "",
      street: "",
      streetNumber: "",
      complement: "",
      neighborhood: "",
      city: "",
      state: "",
      gpsCoordinates: "",
      owner: "",
      department: "",
      customFields: [],
      photos: []
    }
  }
}

Invalid value for argument `type`. Expected AssetType.
[sync/push] Erro ao processar item CREATE_ASSET: PrismaClientValidationError: 
Invalid `prisma.asset.upsert()` invocation:

{
  where: {
    id: "brsp-049362"
  },
  create: {
    id: "brsp-049362",
    tenantId: "cmn6sf2we004g5epyw7uxjo73",
    title: "Carro",
    type: "VEHICLE",
          ~~~~~~~~~
    status: "OPERACIONAL",
    imageUrl: null,
    parentId: null,
    metadata: {
      inventoryId: "",
      brand: "",
      model: "",
      serialNumber: "",
      costCenter: "",
      acquisitionValue: "",
      cep: "",
      street: "",
      streetNumber: "",
      complement: "",
      neighborhood: "",
      city: "",
      state: "",
      gpsCoordinates: "",
      owner: "",
      department: "",
      customFields: [],
      photos: []
    }
  },
  update: {
    title: "Carro",
    status: "OPERACIONAL",
    imageUrl: null,
    parentId: null,
    metadata: {
      inventoryId: "",
      brand: "",
      model: "",
      serialNumber: "",
      costCenter: "",
      acquisitionValue: "",
      cep: "",
      street: "",
      streetNumber: "",
      complement: "",
      neighborhood: "",
      city: "",
      state: "",
      gpsCoordinates: "",
      owner: "",
      department: "",
      customFields: [],
      photos: []
    }
  }
}

Invalid value for argument `type`. Expected AssetType.
    at wn (/Users/alex/Lansolver Dropbox/Alex Benedito/antigravity/BrsparkMobile/admin-panel/backend/node_modules/@prisma/client/runtime/library.js:29:1363)
    at $n.handleRequestError (/Users/alex/Lansolver Dropbox/Alex Benedito/antigravity/BrsparkMobile/admin-panel/backend/node_modules/@prisma/client/runtime/library.js:121:6958)
    at $n.handleAndLogRequestError (/Users/alex/Lansolver Dropbox/Alex Benedito/antigravity/BrsparkMobile/admin-panel/backend/node_modules/@prisma/client/runtime/library.js:121:6623)
    at $n.request (/Users/alex/Lansolver Dropbox/Alex Benedito/antigravity/BrsparkMobile/admin-panel/backend/node_modules/@prisma/client/runtime/library.js:121:6307)
    at async l (/Users/alex/Lansolver Dropbox/Alex Benedito/antigravity/BrsparkMobile/admin-panel/backend/node_modules/@prisma/client/runtime/library.js:130:9633)
    at async /Users/alex/Lansolver Dropbox/Alex Benedito/antigravity/BrsparkMobile/admin-panel/backend/src/routes/sync.js:97:13 {
  clientVersion: '5.22.0'
}
[0mPOST /api/sync/push [32m200[0m 33.900 ms - 35[0m
[0mGET /api/sync/maintenances?owner_email=luigi%40lansolver.com [36m304[0m 13.018 ms - -[0m
[0mGET /api/sync/vault?owner_email=luigi%40lansolver.com [36m304[0m 12.872 ms - -[0m
[0mGET /api/sync/stock/items?owner_email=luigi%40lansolver.com [36m304[0m 26.580 ms - -[0m
[0mGET /api/sync/media?owner_email=luigi%40lansolver.com [36m304[0m 1.488 ms - -[0m
[0mGET /api/sync/stock/movements?owner_email=luigi%40lansolver.com [36m304[0m 1.469 ms - -[0m
[0mPOST /api/sync/costs/expenses?owner_email=luigi%40lansolver.com [32m200[0m 87.914 ms - 21[0m
[0mPOST /api/sync/costs/recurring?owner_email=luigi%40lansolver.com [32m200[0m 90.952 ms - 21[0m
[0mPOST /api/sync/insurance?owner_email=luigi%40lansolver.com [32m200[0m 88.896 ms - 21[0m
[0mPOST /api/sync/asset_docs?owner_email=luigi%40lansolver.com [32m200[0m 68.039 ms - 21[0m
[0mGET /api/sync/costs/expenses?owner_email=luigi%40lansolver.com [32m200[0m 2.857 ms - 244[0m
[0mGET /api/sync/costs/recurring?owner_email=luigi%40lansolver.com [32m200[0m 2.639 ms - 649[0m
[0mGET /api/sync/costs/budgets?owner_email=luigi%40lansolver.com [36m304[0m 2.459 ms - -[0m
[0mGET /api/sync/insurance?owner_email=luigi%40lansolver.com [32m200[0m 2.319 ms - 1369[0m
[0mGET /api/sync/asset_docs?owner_email=luigi%40lansolver.com [32m200[0m 2.189 ms - 1146[0m
[0mGET /api/sync/assets [36m304[0m 63.088 ms - -[0m
[0mGET /api/config [32m200[0m 14.653 ms - 417[0m
[0mGET /api/shares/pending [36m304[0m 2.976 ms - -[0m
[0mGET /api/providers?page=1&limit=20 [36m304[0m 5.891 ms - -[0m
[0mGET /api/shares/pending [36m304[0m 3.538 ms - -[0m
[0mGET /api/providers?page=1&limit=20 [36m304[0m 3.005 ms - -[0m
[0mGET /api/shares/pending [36m304[0m 3.196 ms - -[0m
[0mGET /api/providers?page=1&limit=20 [36m304[0m 2.454 ms - -[0m
[0mGET /api/shares/pending [36m304[0m 2.790 ms - -[0m
[0mGET /api/providers?page=1&limit=20 [36m304[0m 2.029 ms - -[0m
[0mGET /api/shares/pending [36m304[0m 8.424 ms - -[0m
[0mGET /api/providers?page=1&limit=20 [36m304[0m 18.246 ms - -[0m
[0mGET /api/shares/pending [36m304[0m 13.281 ms - -[0m
[0mGET /api/providers?page=1&limit=20 [36m304[0m 2.840 ms - -[0m
[0mGET /api/shares/pending [36m304[0m 8.414 ms - -[0m
[0mGET /api/providers?page=1&limit=20 [36m304[0m 19.660 ms - -[0m
prisma:error 
Invalid `prisma.asset.upsert()` invocation:

{
  where: {
    id: "brsp-049362"
  },
  create: {
    id: "brsp-049362",
    tenantId: "cmn6sf2we004g5epyw7uxjo73",
    title: "Carro",
    type: "VEHICLE",
          ~~~~~~~~~
    status: "OPERACIONAL",
    imageUrl: null,
    parentId: null,
    metadata: {
      inventoryId: "",
      brand: "",
      model: "",
      serialNumber: "",
      costCenter: "",
      acquisitionValue: "",
      cep: "",
      street: "",
      streetNumber: "",
      complement: "",
      neighborhood: "",
      city: "",
      state: "",
      gpsCoordinates: "",
      owner: "",
      department: "",
      customFields: [],
      photos: []
    }
  },
  update: {
    title: "Carro",
    status: "OPERACIONAL",
    imageUrl: null,
    parentId: null,
    metadata: {
      inventoryId: "",
      brand: "",
      model: "",
      serialNumber: "",
      costCenter: "",
      acquisitionValue: "",
      cep: "",
      street: "",
      streetNumber: "",
      complement: "",
      neighborhood: "",
      city: "",
      state: "",
      gpsCoordinates: "",
      owner: "",
      department: "",
      customFields: [],
      photos: []
    }
  }
}

Invalid value for argument `type`. Expected AssetType.
[sync/push] Erro ao processar item CREATE_ASSET: PrismaClientValidationError: 
Invalid `prisma.asset.upsert()` invocation:

{
  where: {
    id: "brsp-049362"
  },
  create: {
    id: "brsp-049362",
    tenantId: "cmn6sf2we004g5epyw7uxjo73",
    title: "Carro",
    type: "VEHICLE",
          ~~~~~~~~~
    status: "OPERACIONAL",
    imageUrl: null,
    parentId: null,
    metadata: {
      inventoryId: "",
      brand: "",
      model: "",
      serialNumber: "",
      costCenter: "",
      acquisitionValue: "",
      cep: "",
      street: "",
      streetNumber: "",
      complement: "",
      neighborhood: "",
      city: "",
      state: "",
      gpsCoordinates: "",
      owner: "",
      department: "",
      customFields: [],
      photos: []
    }
  },
  update: {
    title: "Carro",
    status: "OPERACIONAL",
    imageUrl: null,
    parentId: null,
    metadata: {
      inventoryId: "",
      brand: "",
      model: "",
      serialNumber: "",
      costCenter: "",
      acquisitionValue: "",
      cep: "",
      street: "",
      streetNumber: "",
      complement: "",
      neighborhood: "",
      city: "",
      state: "",
      gpsCoordinates: "",
      owner: "",
      department: "",
      customFields: [],
      photos: []
    }
  }
}

Invalid value for argument `type`. Expected AssetType.
    at wn (/Users/alex/Lansolver Dropbox/Alex Benedito/antigravity/BrsparkMobile/admin-panel/backend/node_modules/@prisma/client/runtime/library.js:29:1363)
    at $n.handleRequestError (/Users/alex/Lansolver Dropbox/Alex Benedito/antigravity/BrsparkMobile/admin-panel/backend/node_modules/@prisma/client/runtime/library.js:121:6958)
    at $n.handleAndLogRequestError (/Users/alex/Lansolver Dropbox/Alex Benedito/antigravity/BrsparkMobile/admin-panel/backend/node_modules/@prisma/client/runtime/library.js:121:6623)
    at $n.request (/Users/alex/Lansolver Dropbox/Alex Benedito/antigravity/BrsparkMobile/admin-panel/backend/node_modules/@prisma/client/runtime/library.js:121:6307)
    at async l (/Users/alex/Lansolver Dropbox/Alex Benedito/antigravity/BrsparkMobile/admin-panel/backend/node_modules/@prisma/client/runtime/library.js:130:9633)
    at async /Users/alex/Lansolver Dropbox/Alex Benedito/antigravity/BrsparkMobile/admin-panel/backend/src/routes/sync.js:97:13 {
  clientVersion: '5.22.0'
}
[0mPOST /api/sync/push [32m200[0m 8.134 ms - 35[0m
[0mGET /api/sync/vault?owner_email=luigi%40lansolver.com [36m304[0m 27.749 ms - -[0m
[0mGET /api/sync/maintenances?owner_email=luigi%40lansolver.com [36m304[0m 28.813 ms - -[0m
[0mGET /api/sync/stock/items?owner_email=luigi%40lansolver.com [36m304[0m 51.009 ms - -[0m
[0mPOST /api/sync/costs/recurring?owner_email=luigi%40lansolver.com [32m200[0m 35.897 ms - 21[0m
[0mPOST /api/sync/insurance?owner_email=luigi%40lansolver.com [32m200[0m 35.736 ms - 21[0m
[0mPOST /api/sync/costs/expenses?owner_email=luigi%40lansolver.com [32m200[0m 36.611 ms - 21[0m
[0mGET /api/sync/media?owner_email=luigi%40lansolver.com [36m304[0m 1.512 ms - -[0m
[0mGET /api/sync/costs/expenses?owner_email=luigi%40lansolver.com [32m200[0m 4.202 ms - 244[0m
[0mGET /api/sync/insurance?owner_email=luigi%40lansolver.com [32m200[0m 3.458 ms - 1369[0m
[0mGET /api/sync/costs/recurring?owner_email=luigi%40lansolver.com [32m200[0m 2.304 ms - 649[0m
[0mGET /api/sync/costs/budgets?owner_email=luigi%40lansolver.com [36m304[0m 1.628 ms - -[0m
[0mGET /api/sync/stock/movements?owner_email=luigi%40lansolver.com [36m304[0m 1.035 ms - -[0m
[0mPOST /api/sync/asset_docs?owner_email=luigi%40lansolver.com [32m200[0m 45.860 ms - 21[0m
[0mGET /api/sync/asset_docs?owner_email=luigi%40lansolver.com [32m200[0m 1.532 ms - 1146[0m
[0mGET /api/sync/assets [36m304[0m 25.159 ms - -[0m
[0mGET /api/config [32m200[0m 1.600 ms - 417[0m
[0mGET /api/shares/pending [36m304[0m 1.542 ms - -[0m
[0mGET /api/providers?page=1&limit=20 [36m304[0m 1.986 ms - -[0m
[0mGET /api/shares/pending [36m304[0m 2.796 ms - -[0m
[0mGET /api/providers?page=1&limit=20 [36m304[0m 5.039 ms - -[0m
[0mPOST /api/sync/push [33m401[0m 5.746 ms - 33[0m
prisma:error 
Invalid `prisma.asset.upsert()` invocation:

{
  where: {
    id: "brsp-049362"
  },
  create: {
    id: "brsp-049362",
    tenantId: "cmn6sf2we004g5epyw7uxjo73",
    title: "Carro",
    type: "VEHICLE",
          ~~~~~~~~~
    status: "OPERACIONAL",
    imageUrl: null,
    parentId: null,
    metadata: {
      inventoryId: "",
      brand: "",
      model: "",
      serialNumber: "",
      costCenter: "",
      acquisitionValue: "",
      cep: "",
      street: "",
      streetNumber: "",
      complement: "",
      neighborhood: "",
      city: "",
      state: "",
      gpsCoordinates: "",
      owner: "",
      department: "",
      customFields: [],
      photos: []
    }
  },
  update: {
    title: "Carro",
    status: "OPERACIONAL",
    imageUrl: null,
    parentId: null,
    metadata: {
      inventoryId: "",
      brand: "",
      model: "",
      serialNumber: "",
      costCenter: "",
      acquisitionValue: "",
      cep: "",
      street: "",
      streetNumber: "",
      complement: "",
      neighborhood: "",
      city: "",
      state: "",
      gpsCoordinates: "",
      owner: "",
      department: "",
      customFields: [],
      photos: []
    }
  }
}

Invalid value for argument `type`. Expected AssetType.
[sync/push] Erro ao processar item CREATE_ASSET: PrismaClientValidationError: 
Invalid `prisma.asset.upsert()` invocation:

{
  where: {
    id: "brsp-049362"
  },
  create: {
    id: "brsp-049362",
    tenantId: "cmn6sf2we004g5epyw7uxjo73",
    title: "Carro",
    type: "VEHICLE",
          ~~~~~~~~~
    status: "OPERACIONAL",
    imageUrl: null,
    parentId: null,
    metadata: {
      inventoryId: "",
      brand: "",
      model: "",
      serialNumber: "",
      costCenter: "",
      acquisitionValue: "",
      cep: "",
      street: "",
      streetNumber: "",
      complement: "",
      neighborhood: "",
      city: "",
      state: "",
      gpsCoordinates: "",
      owner: "",
      department: "",
      customFields: [],
      photos: []
    }
  },
  update: {
    title: "Carro",
    status: "OPERACIONAL",
    imageUrl: null,
    parentId: null,
    metadata: {
      inventoryId: "",
      brand: "",
      model: "",
      serialNumber: "",
      costCenter: "",
      acquisitionValue: "",
      cep: "",
      street: "",
      streetNumber: "",
      complement: "",
      neighborhood: "",
      city: "",
      state: "",
      gpsCoordinates: "",
      owner: "",
      department: "",
      customFields: [],
      photos: []
    }
  }
}

Invalid value for argument `type`. Expected AssetType.
    at wn (/Users/alex/Lansolver Dropbox/Alex Benedito/antigravity/BrsparkMobile/admin-panel/backend/node_modules/@prisma/client/runtime/library.js:29:1363)
    at $n.handleRequestError (/Users/alex/Lansolver Dropbox/Alex Benedito/antigravity/BrsparkMobile/admin-panel/backend/node_modules/@prisma/client/runtime/library.js:121:6958)
    at $n.handleAndLogRequestError (/Users/alex/Lansolver Dropbox/Alex Benedito/antigravity/BrsparkMobile/admin-panel/backend/node_modules/@prisma/client/runtime/library.js:121:6623)
    at $n.request (/Users/alex/Lansolver Dropbox/Alex Benedito/antigravity/BrsparkMobile/admin-panel/backend/node_modules/@prisma/client/runtime/library.js:121:6307)
    at async l (/Users/alex/Lansolver Dropbox/Alex Benedito/antigravity/BrsparkMobile/admin-panel/backend/node_modules/@prisma/client/runtime/library.js:130:9633)
    at async /Users/alex/Lansolver Dropbox/Alex Benedito/antigravity/BrsparkMobile/admin-panel/backend/src/routes/sync.js:97:13 {
  clientVersion: '5.22.0'
}
[0mPOST /api/sync/push [32m200[0m 131.640 ms - 35[0m
[0mGET /api/sync/maintenances?owner_email=luigi%40lansolver.com [36m304[0m 24.093 ms - -[0m
[0mGET /api/sync/vault?owner_email=luigi%40lansolver.com [36m304[0m 23.077 ms - -[0m
[0mGET /api/sync/media?owner_email=luigi%40lansolver.com [36m304[0m 1.355 ms - -[0m
[0mGET /api/sync/stock/items?owner_email=luigi%40lansolver.com [36m304[0m 70.136 ms - -[0m
[0mPOST /api/sync/asset_docs?owner_email=luigi%40lansolver.com [32m200[0m 21.590 ms - 21[0m
[0mPOST /api/sync/costs/expenses?owner_email=luigi%40lansolver.com [32m200[0m 66.762 ms - 21[0m
[0mPOST /api/sync/costs/recurring?owner_email=luigi%40lansolver.com [32m200[0m 68.761 ms - 21[0m
[0mPOST /api/sync/insurance?owner_email=luigi%40lansolver.com [32m200[0m 77.904 ms - 21[0m
[0mGET /api/sync/stock/movements?owner_email=luigi%40lansolver.com [36m304[0m 1.577 ms - -[0m
[0mGET /api/sync/costs/expenses?owner_email=luigi%40lansolver.com [32m200[0m 1.448 ms - 244[0m
[0mGET /api/sync/asset_docs?owner_email=luigi%40lansolver.com [32m200[0m 1.938 ms - 1146[0m
[0mGET /api/sync/costs/budgets?owner_email=luigi%40lansolver.com [36m304[0m 0.878 ms - -[0m
[0mGET /api/sync/costs/recurring?owner_email=luigi%40lansolver.com [32m200[0m 1.123 ms - 649[0m
[0mGET /api/sync/insurance?owner_email=luigi%40lansolver.com [32m200[0m 0.955 ms - 1369[0m
[0mGET /api/sync/assets [36m304[0m 24.779 ms - -[0m
[0mGET /api/config [32m200[0m 5.022 ms - 417[0m
[0mGET /api/shares/pending [36m304[0m 1.191 ms - -[0m
[0mGET /api/providers?page=1&limit=20 [36m304[0m 17.835 ms - -[0m
prisma:error 
Invalid `prisma.asset.upsert()` invocation:

{
  where: {
    id: "brsp-049362"
  },
  create: {
    id: "brsp-049362",
    tenantId: "cmn6sf2we004g5epyw7uxjo73",
    title: "Carro",
    type: "VEHICLE",
          ~~~~~~~~~
    status: "OPERACIONAL",
    imageUrl: null,
    parentId: null,
    metadata: {
      inventoryId: "",
      brand: "",
      model: "",
      serialNumber: "",
      costCenter: "",
      acquisitionValue: "",
      cep: "",
      street: "",
      streetNumber: "",
      complement: "",
      neighborhood: "",
      city: "",
      state: "",
      gpsCoordinates: "",
      owner: "",
      department: "",
      customFields: [],
      photos: []
    }
  },
  update: {
    title: "Carro",
    status: "OPERACIONAL",
    imageUrl: null,
    parentId: null,
    metadata: {
      inventoryId: "",
      brand: "",
      model: "",
      serialNumber: "",
      costCenter: "",
      acquisitionValue: "",
      cep: "",
      street: "",
      streetNumber: "",
      complement: "",
      neighborhood: "",
      city: "",
      state: "",
      gpsCoordinates: "",
      owner: "",
      department: "",
      customFields: [],
      photos: []
    }
  }
}

Invalid value for argument `type`. Expected AssetType.
[sync/push] Erro ao processar item CREATE_ASSET: PrismaClientValidationError: 
Invalid `prisma.asset.upsert()` invocation:

{
  where: {
    id: "brsp-049362"
  },
  create: {
    id: "brsp-049362",
    tenantId: "cmn6sf2we004g5epyw7uxjo73",
    title: "Carro",
    type: "VEHICLE",
          ~~~~~~~~~
    status: "OPERACIONAL",
    imageUrl: null,
    parentId: null,
    metadata: {
      inventoryId: "",
      brand: "",
      model: "",
      serialNumber: "",
      costCenter: "",
      acquisitionValue: "",
      cep: "",
      street: "",
      streetNumber: "",
      complement: "",
      neighborhood: "",
      city: "",
      state: "",
      gpsCoordinates: "",
      owner: "",
      department: "",
      customFields: [],
      photos: []
    }
  },
  update: {
    title: "Carro",
    status: "OPERACIONAL",
    imageUrl: null,
    parentId: null,
    metadata: {
      inventoryId: "",
      brand: "",
      model: "",
      serialNumber: "",
      costCenter: "",
      acquisitionValue: "",
      cep: "",
      street: "",
      streetNumber: "",
      complement: "",
      neighborhood: "",
      city: "",
      state: "",
      gpsCoordinates: "",
      owner: "",
      department: "",
      customFields: [],
      photos: []
    }
  }
}

Invalid value for argument `type`. Expected AssetType.
    at wn (/Users/alex/Lansolver Dropbox/Alex Benedito/antigravity/BrsparkMobile/admin-panel/backend/node_modules/@prisma/client/runtime/library.js:29:1363)
    at $n.handleRequestError (/Users/alex/Lansolver Dropbox/Alex Benedito/antigravity/BrsparkMobile/admin-panel/backend/node_modules/@prisma/client/runtime/library.js:121:6958)
    at $n.handleAndLogRequestError (/Users/alex/Lansolver Dropbox/Alex Benedito/antigravity/BrsparkMobile/admin-panel/backend/node_modules/@prisma/client/runtime/library.js:121:6623)
    at $n.request (/Users/alex/Lansolver Dropbox/Alex Benedito/antigravity/BrsparkMobile/admin-panel/backend/node_modules/@prisma/client/runtime/library.js:121:6307)
    at async l (/Users/alex/Lansolver Dropbox/Alex Benedito/antigravity/BrsparkMobile/admin-panel/backend/node_modules/@prisma/client/runtime/library.js:130:9633)
    at async /Users/alex/Lansolver Dropbox/Alex Benedito/antigravity/BrsparkMobile/admin-panel/backend/src/routes/sync.js:97:13 {
  clientVersion: '5.22.0'
}
[0mPOST /api/sync/push [32m200[0m 11.231 ms - 35[0m
[0mGET /api/sync/stock/items?owner_email=luigi%40lansolver.com [36m304[0m 4.721 ms - -[0m
[0mPOST /api/sync/costs/expenses?owner_email=luigi%40lansolver.com [32m200[0m 6.625 ms - 21[0m
[0mGET /api/sync/maintenances?owner_email=luigi%40lansolver.com [36m304[0m 2.167 ms - -[0m
[0mGET /api/sync/media?owner_email=luigi%40lansolver.com [36m304[0m 4.257 ms - -[0m
[0mGET /api/sync/vault?owner_email=luigi%40lansolver.com [36m304[0m 4.157 ms - -[0m
[0mPOST /api/sync/insurance?owner_email=luigi%40lansolver.com [32m200[0m 6.709 ms - 21[0m
[0mPOST /api/sync/costs/recurring?owner_email=luigi%40lansolver.com [32m200[0m 7.448 ms - 21[0m
[0mGET /api/sync/stock/movements?owner_email=luigi%40lansolver.com [36m304[0m 1.158 ms - -[0m
[0mPOST /api/sync/asset_docs?owner_email=luigi%40lansolver.com [32m200[0m 3.818 ms - 21[0m
[0mGET /api/sync/insurance?owner_email=luigi%40lansolver.com [32m200[0m 2.233 ms - 1369[0m
[0mGET /api/sync/costs/expenses?owner_email=luigi%40lansolver.com [32m200[0m 2.067 ms - 244[0m
[0mGET /api/sync/costs/recurring?owner_email=luigi%40lansolver.com [32m200[0m 4.358 ms - 649[0m
[0mGET /api/sync/costs/budgets?owner_email=luigi%40lansolver.com [36m304[0m 4.216 ms - -[0m
[0mGET /api/sync/asset_docs?owner_email=luigi%40lansolver.com [32m200[0m 1.607 ms - 1146[0m
[0mGET /api/sync/assets [36m304[0m 2.395 ms - -[0m
[0mGET /api/config [32m200[0m 1.297 ms - 417[0m
prisma:error 
Invalid `prisma.asset.upsert()` invocation:

{
  where: {
    id: "brsp-049362"
  },
  create: {
    id: "brsp-049362",
    tenantId: "cmn6sf2we004g5epyw7uxjo73",
    title: "Carro",
    type: "VEHICLE",
          ~~~~~~~~~
    status: "OPERACIONAL",
    imageUrl: null,
    parentId: null,
    metadata: {
      inventoryId: "",
      brand: "",
      model: "",
      serialNumber: "",
      costCenter: "",
      acquisitionValue: "",
      cep: "",
      street: "",
      streetNumber: "",
      complement: "",
      neighborhood: "",
      city: "",
      state: "",
      gpsCoordinates: "",
      owner: "",
      department: "",
      customFields: [],
      photos: []
    }
  },
  update: {
    title: "Carro",
    status: "OPERACIONAL",
    imageUrl: null,
    parentId: null,
    metadata: {
      inventoryId: "",
      brand: "",
      model: "",
      serialNumber: "",
      costCenter: "",
      acquisitionValue: "",
      cep: "",
      street: "",
      streetNumber: "",
      complement: "",
      neighborhood: "",
      city: "",
      state: "",
      gpsCoordinates: "",
      owner: "",
      department: "",
      customFields: [],
      photos: []
    }
  }
}

Invalid value for argument `type`. Expected AssetType.
[sync/push] Erro ao processar item CREATE_ASSET: PrismaClientValidationError: 
Invalid `prisma.asset.upsert()` invocation:

{
  where: {
    id: "brsp-049362"
  },
  create: {
    id: "brsp-049362",
    tenantId: "cmn6sf2we004g5epyw7uxjo73",
    title: "Carro",
    type: "VEHICLE",
          ~~~~~~~~~
    status: "OPERACIONAL",
    imageUrl: null,
    parentId: null,
    metadata: {
      inventoryId: "",
      brand: "",
      model: "",
      serialNumber: "",
      costCenter: "",
      acquisitionValue: "",
      cep: "",
      street: "",
      streetNumber: "",
      complement: "",
      neighborhood: "",
      city: "",
      state: "",
      gpsCoordinates: "",
      owner: "",
      department: "",
      customFields: [],
      photos: []
    }
  },
  update: {
    title: "Carro",
    status: "OPERACIONAL",
    imageUrl: null,
    parentId: null,
    metadata: {
      inventoryId: "",
      brand: "",
      model: "",
      serialNumber: "",
      costCenter: "",
      acquisitionValue: "",
      cep: "",
      street: "",
      streetNumber: "",
      complement: "",
      neighborhood: "",
      city: "",
      state: "",
      gpsCoordinates: "",
      owner: "",
      department: "",
      customFields: [],
      photos: []
    }
  }
}

Invalid value for argument `type`. Expected AssetType.
    at wn (/Users/alex/Lansolver Dropbox/Alex Benedito/antigravity/BrsparkMobile/admin-panel/backend/node_modules/@prisma/client/runtime/library.js:29:1363)
    at $n.handleRequestError (/Users/alex/Lansolver Dropbox/Alex Benedito/antigravity/BrsparkMobile/admin-panel/backend/node_modules/@prisma/client/runtime/library.js:121:6958)
    at $n.handleAndLogRequestError (/Users/alex/Lansolver Dropbox/Alex Benedito/antigravity/BrsparkMobile/admin-panel/backend/node_modules/@prisma/client/runtime/library.js:121:6623)
    at $n.request (/Users/alex/Lansolver Dropbox/Alex Benedito/antigravity/BrsparkMobile/admin-panel/backend/node_modules/@prisma/client/runtime/library.js:121:6307)
    at async l (/Users/alex/Lansolver Dropbox/Alex Benedito/antigravity/BrsparkMobile/admin-panel/backend/node_modules/@prisma/client/runtime/library.js:130:9633)
    at async /Users/alex/Lansolver Dropbox/Alex Benedito/antigravity/BrsparkMobile/admin-panel/backend/src/routes/sync.js:97:13 {
  clientVersion: '5.22.0'
}
[0mGET /api/shares/pending [36m304[0m 2.516 ms - -[0m
[0mPOST /api/sync/push [32m200[0m 38.414 ms - 35[0m
[0mGET /api/providers?page=1&limit=20 [36m304[0m 5.899 ms - -[0m
[0mGET /api/sync/stock/items?owner_email=luigi%40lansolver.com [36m304[0m 3.367 ms - -[0m
[0mPOST /api/sync/costs/expenses?owner_email=luigi%40lansolver.com [32m200[0m 5.302 ms - 21[0m
[0mGET /api/sync/maintenances?owner_email=luigi%40lansolver.com [36m304[0m 5.416 ms - -[0m
[0mPOST /api/sync/insurance?owner_email=luigi%40lansolver.com [32m200[0m 7.327 ms - 21[0m
[0mPOST /api/sync/costs/recurring?owner_email=luigi%40lansolver.com [32m200[0m 8.979 ms - 21[0m
[0mGET /api/sync/vault?owner_email=luigi%40lansolver.com [36m304[0m 8.645 ms - -[0m
[0mGET /api/sync/media?owner_email=luigi%40lansolver.com [36m304[0m 2.887 ms - -[0m
[0mPOST /api/sync/asset_docs?owner_email=luigi%40lansolver.com [32m200[0m 7.319 ms - 21[0m
[0mGET /api/sync/costs/budgets?owner_email=luigi%40lansolver.com [36m304[0m 2.139 ms - -[0m
[0mGET /api/sync/costs/expenses?owner_email=luigi%40lansolver.com [32m200[0m 2.931 ms - 244[0m
[0mGET /api/sync/asset_docs?owner_email=luigi%40lansolver.com [32m200[0m 2.468 ms - 1146[0m
[0mGET /api/sync/stock/movements?owner_email=luigi%40lansolver.com [36m304[0m 2.379 ms - -[0m
[0mGET /api/sync/costs/recurring?owner_email=luigi%40lansolver.com [32m200[0m 3.029 ms - 649[0m
[0mGET /api/sync/insurance?owner_email=luigi%40lansolver.com [32m200[0m 4.060 ms - 1369[0m
[0mGET /api/sync/assets [32m200[0m 10.040 ms - 211[0m
[0mGET /api/config [32m200[0m 2.897 ms - 417[0m
[0mGET /api/shares/pending [36m304[0m 3.559 ms - -[0m
[0mGET /api/providers?page=1&limit=20 [36m304[0m 3.249 ms - -[0m
[0mGET /api/shares/pending [36m304[0m 2.302 ms - -[0m
[0mGET /api/providers?page=1&limit=20 [36m304[0m 3.742 ms - -[0m
[0mGET /api/shares/pending [36m304[0m 3.317 ms - -[0m
[0mGET /api/providers?page=1&limit=20 [36m304[0m 2.026 ms - -[0m
[0mGET /api/shares/pending [36m304[0m 5.169 ms - -[0m
[0mGET /api/providers?page=1&limit=20 [36m304[0m 7.145 ms - -[0m
[0mGET /api/shares/pending [36m304[0m 3.993 ms - -[0m
[0mGET /api/providers?page=1&limit=20 [36m304[0m 2.484 ms - -[0m
prisma:error 
Invalid `prisma.asset.upsert()` invocation:

{
  where: {
    id: "brsp-049362"
  },
  create: {
    id: "brsp-049362",
    tenantId: "cmn6sf2we004g5epyw7uxjo73",
    title: "Carro",
    type: "VEHICLE",
          ~~~~~~~~~
    status: "OPERACIONAL",
    imageUrl: null,
    parentId: null,
    metadata: {
      inventoryId: "",
      brand: "",
      model: "",
      serialNumber: "",
      costCenter: "",
      acquisitionValue: "",
      cep: "",
      street: "",
      streetNumber: "",
      complement: "",
      neighborhood: "",
      city: "",
      state: "",
      gpsCoordinates: "",
      owner: "",
      department: "",
      customFields: [],
      photos: []
    }
  },
  update: {
    title: "Carro",
    status: "OPERACIONAL",
    imageUrl: null,
    parentId: null,
    metadata: {
      inventoryId: "",
      brand: "",
      model: "",
      serialNumber: "",
      costCenter: "",
      acquisitionValue: "",
      cep: "",
      street: "",
      streetNumber: "",
      complement: "",
      neighborhood: "",
      city: "",
      state: "",
      gpsCoordinates: "",
      owner: "",
      department: "",
      customFields: [],
      photos: []
    }
  }
}

Invalid value for argument `type`. Expected AssetType.
[sync/push] Erro ao processar item CREATE_ASSET: PrismaClientValidationError: 
Invalid `prisma.asset.upsert()` invocation:

{
  where: {
    id: "brsp-049362"
  },
  create: {
    id: "brsp-049362",
    tenantId: "cmn6sf2we004g5epyw7uxjo73",
    title: "Carro",
    type: "VEHICLE",
          ~~~~~~~~~
    status: "OPERACIONAL",
    imageUrl: null,
    parentId: null,
    metadata: {
      inventoryId: "",
      brand: "",
      model: "",
      serialNumber: "",
      costCenter: "",
      acquisitionValue: "",
      cep: "",
      street: "",
      streetNumber: "",
      complement: "",
      neighborhood: "",
      city: "",
      state: "",
      gpsCoordinates: "",
      owner: "",
      department: "",
      customFields: [],
      photos: []
    }
  },
  update: {
    title: "Carro",
    status: "OPERACIONAL",
    imageUrl: null,
    parentId: null,
    metadata: {
      inventoryId: "",
      brand: "",
      model: "",
      serialNumber: "",
      costCenter: "",
      acquisitionValue: "",
      cep: "",
      street: "",
      streetNumber: "",
      complement: "",
      neighborhood: "",
      city: "",
      state: "",
      gpsCoordinates: "",
      owner: "",
      department: "",
      customFields: [],
      photos: []
    }
  }
}

Invalid value for argument `type`. Expected AssetType.
    at wn (/Users/alex/Lansolver Dropbox/Alex Benedito/antigravity/BrsparkMobile/admin-panel/backend/node_modules/@prisma/client/runtime/library.js:29:1363)
    at $n.handleRequestError (/Users/alex/Lansolver Dropbox/Alex Benedito/antigravity/BrsparkMobile/admin-panel/backend/node_modules/@prisma/client/runtime/library.js:121:6958)
    at $n.handleAndLogRequestError (/Users/alex/Lansolver Dropbox/Alex Benedito/antigravity/BrsparkMobile/admin-panel/backend/node_modules/@prisma/client/runtime/library.js:121:6623)
    at $n.request (/Users/alex/Lansolver Dropbox/Alex Benedito/antigravity/BrsparkMobile/admin-panel/backend/node_modules/@prisma/client/runtime/library.js:121:6307)
    at async l (/Users/alex/Lansolver Dropbox/Alex Benedito/antigravity/BrsparkMobile/admin-panel/backend/node_modules/@prisma/client/runtime/library.js:130:9633)
    at async /Users/alex/Lansolver Dropbox/Alex Benedito/antigravity/BrsparkMobile/admin-panel/backend/src/routes/sync.js:97:13 {
  clientVersion: '5.22.0'
}
prisma:error 
Invalid `prisma.asset.upsert()` invocation:

{
  where: {
    id: "brsp-315083"
  },
  create: {
    id: "brsp-315083",
    tenantId: "cmn6sf2we004g5epyw7uxjo73",
    title: "Yaris",
    type: "VEHICLE",
          ~~~~~~~~~
    status: "OPERACIONAL",
    imageUrl: null,
    parentId: null,
    metadata: {
      inventoryId: "",
      brand: "",
      model: "",
      serialNumber: "",
      costCenter: "",
      acquisitionValue: "",
      cep: "",
      street: "",
      streetNumber: "",
      complement: "",
      neighborhood: "",
      city: "",
      state: "",
      gpsCoordinates: "",
      owner: "",
      department: "",
      customFields: [],
      photos: []
    }
  },
  update: {
    title: "Yaris",
    status: "OPERACIONAL",
    imageUrl: null,
    parentId: null,
    metadata: {
      inventoryId: "",
      brand: "",
      model: "",
      serialNumber: "",
      costCenter: "",
      acquisitionValue: "",
      cep: "",
      street: "",
      streetNumber: "",
      complement: "",
      neighborhood: "",
      city: "",
      state: "",
      gpsCoordinates: "",
      owner: "",
      department: "",
      customFields: [],
      photos: []
    }
  }
}

Invalid value for argument `type`. Expected AssetType.
[sync/push] Erro ao processar item CREATE_ASSET: PrismaClientValidationError: 
Invalid `prisma.asset.upsert()` invocation:

{
  where: {
    id: "brsp-315083"
  },
  create: {
    id: "brsp-315083",
    tenantId: "cmn6sf2we004g5epyw7uxjo73",
    title: "Yaris",
    type: "VEHICLE",
          ~~~~~~~~~
    status: "OPERACIONAL",
    imageUrl: null,
    parentId: null,
    metadata: {
      inventoryId: "",
      brand: "",
      model: "",
      serialNumber: "",
      costCenter: "",
      acquisitionValue: "",
      cep: "",
      street: "",
      streetNumber: "",
      complement: "",
      neighborhood: "",
      city: "",
      state: "",
      gpsCoordinates: "",
      owner: "",
      department: "",
      customFields: [],
      photos: []
    }
  },
  update: {
    title: "Yaris",
    status: "OPERACIONAL",
    imageUrl: null,
    parentId: null,
    metadata: {
      inventoryId: "",
      brand: "",
      model: "",
      serialNumber: "",
      costCenter: "",
      acquisitionValue: "",
      cep: "",
      street: "",
      streetNumber: "",
      complement: "",
      neighborhood: "",
      city: "",
      state: "",
      gpsCoordinates: "",
      owner: "",
      department: "",
      customFields: [],
      photos: []
    }
  }
}

Invalid value for argument `type`. Expected AssetType.
    at wn (/Users/alex/Lansolver Dropbox/Alex Benedito/antigravity/BrsparkMobile/admin-panel/backend/node_modules/@prisma/client/runtime/library.js:29:1363)
    at $n.handleRequestError (/Users/alex/Lansolver Dropbox/Alex Benedito/antigravity/BrsparkMobile/admin-panel/backend/node_modules/@prisma/client/runtime/library.js:121:6958)
    at $n.handleAndLogRequestError (/Users/alex/Lansolver Dropbox/Alex Benedito/antigravity/BrsparkMobile/admin-panel/backend/node_modules/@prisma/client/runtime/library.js:121:6623)
    at $n.request (/Users/alex/Lansolver Dropbox/Alex Benedito/antigravity/BrsparkMobile/admin-panel/backend/node_modules/@prisma/client/runtime/library.js:121:6307)
    at async l (/Users/alex/Lansolver Dropbox/Alex Benedito/antigravity/BrsparkMobile/admin-panel/backend/node_modules/@prisma/client/runtime/library.js:130:9633)
    at async /Users/alex/Lansolver Dropbox/Alex Benedito/antigravity/BrsparkMobile/admin-panel/backend/src/routes/sync.js:97:13 {
  clientVersion: '5.22.0'
}
[0mPOST /api/sync/push [32m200[0m 40.370 ms - 35[0m
prisma:error 
Invalid `prisma.asset.upsert()` invocation:

{
  where: {
    id: "brsp-049362"
  },
  create: {
    id: "brsp-049362",
    tenantId: "cmn6sf2we004g5epyw7uxjo73",
    title: "Carro",
    type: "VEHICLE",
          ~~~~~~~~~
    status: "OPERACIONAL",
    imageUrl: null,
    parentId: null,
    metadata: {
      inventoryId: "",
      brand: "",
      model: "",
      serialNumber: "",
      costCenter: "",
      acquisitionValue: "",
      cep: "",
      street: "",
      streetNumber: "",
      complement: "",
      neighborhood: "",
      city: "",
      state: "",
      gpsCoordinates: "",
      owner: "",
      department: "",
      customFields: [],
      photos: []
    }
  },
  update: {
    title: "Carro",
    status: "OPERACIONAL",
    imageUrl: null,
    parentId: null,
    metadata: {
      inventoryId: "",
      brand: "",
      model: "",
      serialNumber: "",
      costCenter: "",
      acquisitionValue: "",
      cep: "",
      street: "",
      streetNumber: "",
      complement: "",
      neighborhood: "",
      city: "",
      state: "",
      gpsCoordinates: "",
      owner: "",
      department: "",
      customFields: [],
      photos: []
    }
  }
}

Invalid value for argument `type`. Expected AssetType.
[sync/push] Erro ao processar item CREATE_ASSET: PrismaClientValidationError: 
Invalid `prisma.asset.upsert()` invocation:

{
  where: {
    id: "brsp-049362"
  },
  create: {
    id: "brsp-049362",
    tenantId: "cmn6sf2we004g5epyw7uxjo73",
    title: "Carro",
    type: "VEHICLE",
          ~~~~~~~~~
    status: "OPERACIONAL",
    imageUrl: null,
    parentId: null,
    metadata: {
      inventoryId: "",
      brand: "",
      model: "",
      serialNumber: "",
      costCenter: "",
      acquisitionValue: "",
      cep: "",
      street: "",
      streetNumber: "",
      complement: "",
      neighborhood: "",
      city: "",
      state: "",
      gpsCoordinates: "",
      owner: "",
      department: "",
      customFields: [],
      photos: []
    }
  },
  update: {
    title: "Carro",
    status: "OPERACIONAL",
    imageUrl: null,
    parentId: null,
    metadata: {
      inventoryId: "",
      brand: "",
      model: "",
      serialNumber: "",
      costCenter: "",
      acquisitionValue: "",
      cep: "",
      street: "",
      streetNumber: "",
      complement: "",
      neighborhood: "",
      city: "",
      state: "",
      gpsCoordinates: "",
      owner: "",
      department: "",
      customFields: [],
      photos: []
    }
  }
}

Invalid value for argument `type`. Expected AssetType.
    at wn (/Users/alex/Lansolver Dropbox/Alex Benedito/antigravity/BrsparkMobile/admin-panel/backend/node_modules/@prisma/client/runtime/library.js:29:1363)
    at $n.handleRequestError (/Users/alex/Lansolver Dropbox/Alex Benedito/antigravity/BrsparkMobile/admin-panel/backend/node_modules/@prisma/client/runtime/library.js:121:6958)
    at $n.handleAndLogRequestError (/Users/alex/Lansolver Dropbox/Alex Benedito/antigravity/BrsparkMobile/admin-panel/backend/node_modules/@prisma/client/runtime/library.js:121:6623)
    at $n.request (/Users/alex/Lansolver Dropbox/Alex Benedito/antigravity/BrsparkMobile/admin-panel/backend/node_modules/@prisma/client/runtime/library.js:121:6307)
    at async l (/Users/alex/Lansolver Dropbox/Alex Benedito/antigravity/BrsparkMobile/admin-panel/backend/node_modules/@prisma/client/runtime/library.js:130:9633)
    at async /Users/alex/Lansolver Dropbox/Alex Benedito/antigravity/BrsparkMobile/admin-panel/backend/src/routes/sync.js:97:13 {
  clientVersion: '5.22.0'
}
prisma:error 
Invalid `prisma.asset.upsert()` invocation:

{
  where: {
    id: "brsp-315083"
  },
  create: {
    id: "brsp-315083",
    tenantId: "cmn6sf2we004g5epyw7uxjo73",
    title: "Yaris",
    type: "VEHICLE",
          ~~~~~~~~~
    status: "OPERACIONAL",
    imageUrl: null,
    parentId: null,
    metadata: {
      inventoryId: "",
      brand: "",
      model: "",
      serialNumber: "",
      costCenter: "",
      acquisitionValue: "",
      cep: "",
      street: "",
      streetNumber: "",
      complement: "",
      neighborhood: "",
      city: "",
      state: "",
      gpsCoordinates: "",
      owner: "",
      department: "",
      customFields: [],
      photos: []
    }
  },
  update: {
    title: "Yaris",
    status: "OPERACIONAL",
    imageUrl: null,
    parentId: null,
    metadata: {
      inventoryId: "",
      brand: "",
      model: "",
      serialNumber: "",
      costCenter: "",
      acquisitionValue: "",
      cep: "",
      street: "",
      streetNumber: "",
      complement: "",
      neighborhood: "",
      city: "",
      state: "",
      gpsCoordinates: "",
      owner: "",
      department: "",
      customFields: [],
      photos: []
    }
  }
}

Invalid value for argument `type`. Expected AssetType.
[sync/push] Erro ao processar item CREATE_ASSET: PrismaClientValidationError: 
Invalid `prisma.asset.upsert()` invocation:

{
  where: {
    id: "brsp-315083"
  },
  create: {
    id: "brsp-315083",
    tenantId: "cmn6sf2we004g5epyw7uxjo73",
    title: "Yaris",
    type: "VEHICLE",
          ~~~~~~~~~
    status: "OPERACIONAL",
    imageUrl: null,
    parentId: null,
    metadata: {
      inventoryId: "",
      brand: "",
      model: "",
      serialNumber: "",
      costCenter: "",
      acquisitionValue: "",
      cep: "",
      street: "",
      streetNumber: "",
      complement: "",
      neighborhood: "",
      city: "",
      state: "",
      gpsCoordinates: "",
      owner: "",
      department: "",
      customFields: [],
      photos: []
    }
  },
  update: {
    title: "Yaris",
    status: "OPERACIONAL",
    imageUrl: null,
    parentId: null,
    metadata: {
      inventoryId: "",
      brand: "",
      model: "",
      serialNumber: "",
      costCenter: "",
      acquisitionValue: "",
      cep: "",
      street: "",
      streetNumber: "",
      complement: "",
      neighborhood: "",
      city: "",
      state: "",
      gpsCoordinates: "",
      owner: "",
      department: "",
      customFields: [],
      photos: []
    }
  }
}

Invalid value for argument `type`. Expected AssetType.
    at wn (/Users/alex/Lansolver Dropbox/Alex Benedito/antigravity/BrsparkMobile/admin-panel/backend/node_modules/@prisma/client/runtime/library.js:29:1363)
    at $n.handleRequestError (/Users/alex/Lansolver Dropbox/Alex Benedito/antigravity/BrsparkMobile/admin-panel/backend/node_modules/@prisma/client/runtime/library.js:121:6958)
    at $n.handleAndLogRequestError (/Users/alex/Lansolver Dropbox/Alex Benedito/antigravity/BrsparkMobile/admin-panel/backend/node_modules/@prisma/client/runtime/library.js:121:6623)
    at $n.request (/Users/alex/Lansolver Dropbox/Alex Benedito/antigravity/BrsparkMobile/admin-panel/backend/node_modules/@prisma/client/runtime/library.js:121:6307)
    at async l (/Users/alex/Lansolver Dropbox/Alex Benedito/antigravity/BrsparkMobile/admin-panel/backend/node_modules/@prisma/client/runtime/library.js:130:9633)
    at async /Users/alex/Lansolver Dropbox/Alex Benedito/antigravity/BrsparkMobile/admin-panel/backend/src/routes/sync.js:97:13 {
  clientVersion: '5.22.0'
}
[0mPOST /api/sync/push [32m200[0m 7.869 ms - 35[0m
[0mGET /api/shares/pending [36m304[0m 3.304 ms - -[0m
[0mGET /api/providers?page=1&limit=20 [36m304[0m 22.639 ms - -[0m
[0mGET /api/sync/stock/items?owner_email=luigi%40lansolver.com [36m304[0m 22.300 ms - -[0m
[0mPOST /api/sync/insurance?owner_email=luigi%40lansolver.com [32m200[0m 15.070 ms - 21[0m
[0mGET /api/sync/vault?owner_email=luigi%40lansolver.com [36m304[0m 1.821 ms - -[0m
[0mPOST /api/sync/costs/expenses?owner_email=luigi%40lansolver.com [32m200[0m 18.089 ms - 21[0m
[0mGET /api/sync/maintenances?owner_email=luigi%40lansolver.com [36m304[0m 17.354 ms - -[0m
[0mPOST /api/sync/costs/recurring?owner_email=luigi%40lansolver.com [32m200[0m 18.364 ms - 21[0m
[0mGET /api/sync/media?owner_email=luigi%40lansolver.com [36m304[0m 1.220 ms - -[0m
[0mPOST /api/sync/asset_docs?owner_email=luigi%40lansolver.com [32m200[0m 2.606 ms - 21[0m
[0mGET /api/sync/costs/expenses?owner_email=luigi%40lansolver.com [32m200[0m 1.822 ms - 244[0m
[0mGET /api/sync/costs/budgets?owner_email=luigi%40lansolver.com [36m304[0m 1.329 ms - -[0m
[0mGET /api/sync/insurance?owner_email=luigi%40lansolver.com [32m200[0m 1.865 ms - 1369[0m
[0mGET /api/sync/stock/movements?owner_email=luigi%40lansolver.com [36m304[0m 1.641 ms - -[0m
[0mGET /api/sync/costs/recurring?owner_email=luigi%40lansolver.com [32m200[0m 3.148 ms - 649[0m
[0mGET /api/sync/asset_docs?owner_email=luigi%40lansolver.com [32m200[0m 2.010 ms - 1146[0m
[0mGET /api/sync/assets [36m304[0m 6.212 ms - -[0m
[0mGET /api/config [32m200[0m 2.908 ms - 417[0m
prisma:error 
Invalid `prisma.asset.upsert()` invocation:

{
  where: {
    id: "brsp-049362"
  },
  create: {
    id: "brsp-049362",
    tenantId: "cmn6sf2we004g5epyw7uxjo73",
    title: "Carro",
    type: "VEHICLE",
          ~~~~~~~~~
    status: "OPERACIONAL",
    imageUrl: null,
    parentId: null,
    metadata: {
      inventoryId: "",
      brand: "",
      model: "",
      serialNumber: "",
      costCenter: "",
      acquisitionValue: "",
      cep: "",
      street: "",
      streetNumber: "",
      complement: "",
      neighborhood: "",
      city: "",
      state: "",
      gpsCoordinates: "",
      owner: "",
      department: "",
      customFields: [],
      photos: []
    }
  },
  update: {
    title: "Carro",
    status: "OPERACIONAL",
    imageUrl: null,
    parentId: null,
    metadata: {
      inventoryId: "",
      brand: "",
      model: "",
      serialNumber: "",
      costCenter: "",
      acquisitionValue: "",
      cep: "",
      street: "",
      streetNumber: "",
      complement: "",
      neighborhood: "",
      city: "",
      state: "",
      gpsCoordinates: "",
      owner: "",
      department: "",
      customFields: [],
      photos: []
    }
  }
}

Invalid value for argument `type`. Expected AssetType.
[sync/push] Erro ao processar item CREATE_ASSET: PrismaClientValidationError: 
Invalid `prisma.asset.upsert()` invocation:

{
  where: {
    id: "brsp-049362"
  },
  create: {
    id: "brsp-049362",
    tenantId: "cmn6sf2we004g5epyw7uxjo73",
    title: "Carro",
    type: "VEHICLE",
          ~~~~~~~~~
    status: "OPERACIONAL",
    imageUrl: null,
    parentId: null,
    metadata: {
      inventoryId: "",
      brand: "",
      model: "",
      serialNumber: "",
      costCenter: "",
      acquisitionValue: "",
      cep: "",
      street: "",
      streetNumber: "",
      complement: "",
      neighborhood: "",
      city: "",
      state: "",
      gpsCoordinates: "",
      owner: "",
      department: "",
      customFields: [],
      photos: []
    }
  },
  update: {
    title: "Carro",
    status: "OPERACIONAL",
    imageUrl: null,
    parentId: null,
    metadata: {
      inventoryId: "",
      brand: "",
      model: "",
      serialNumber: "",
      costCenter: "",
      acquisitionValue: "",
      cep: "",
      street: "",
      streetNumber: "",
      complement: "",
      neighborhood: "",
      city: "",
      state: "",
      gpsCoordinates: "",
      owner: "",
      department: "",
      customFields: [],
      photos: []
    }
  }
}

Invalid value for argument `type`. Expected AssetType.
    at wn (/Users/alex/Lansolver Dropbox/Alex Benedito/antigravity/BrsparkMobile/admin-panel/backend/node_modules/@prisma/client/runtime/library.js:29:1363)
    at $n.handleRequestError (/Users/alex/Lansolver Dropbox/Alex Benedito/antigravity/BrsparkMobile/admin-panel/backend/node_modules/@prisma/client/runtime/library.js:121:6958)
    at $n.handleAndLogRequestError (/Users/alex/Lansolver Dropbox/Alex Benedito/antigravity/BrsparkMobile/admin-panel/backend/node_modules/@prisma/client/runtime/library.js:121:6623)
    at $n.request (/Users/alex/Lansolver Dropbox/Alex Benedito/antigravity/BrsparkMobile/admin-panel/backend/node_modules/@prisma/client/runtime/library.js:121:6307)
    at async l (/Users/alex/Lansolver Dropbox/Alex Benedito/antigravity/BrsparkMobile/admin-panel/backend/node_modules/@prisma/client/runtime/library.js:130:9633)
    at async /Users/alex/Lansolver Dropbox/Alex Benedito/antigravity/BrsparkMobile/admin-panel/backend/src/routes/sync.js:97:13 {
  clientVersion: '5.22.0'
}
prisma:error 
Invalid `prisma.asset.upsert()` invocation:

{
  where: {
    id: "brsp-315083"
  },
  create: {
    id: "brsp-315083",
    tenantId: "cmn6sf2we004g5epyw7uxjo73",
    title: "Yaris",
    type: "VEHICLE",
          ~~~~~~~~~
    status: "OPERACIONAL",
    imageUrl: null,
    parentId: null,
    metadata: {
      inventoryId: "",
      brand: "",
      model: "",
      serialNumber: "",
      costCenter: "",
      acquisitionValue: "",
      cep: "",
      street: "",
      streetNumber: "",
      complement: "",
      neighborhood: "",
      city: "",
      state: "",
      gpsCoordinates: "",
      owner: "",
      department: "",
      customFields: [],
      photos: []
    }
  },
  update: {
    title: "Yaris",
    status: "OPERACIONAL",
    imageUrl: null,
    parentId: null,
    metadata: {
      inventoryId: "",
      brand: "",
      model: "",
      serialNumber: "",
      costCenter: "",
      acquisitionValue: "",
      cep: "",
      street: "",
      streetNumber: "",
      complement: "",
      neighborhood: "",
      city: "",
      state: "",
      gpsCoordinates: "",
      owner: "",
      department: "",
      customFields: [],
      photos: []
    }
  }
}

Invalid value for argument `type`. Expected AssetType.
[sync/push] Erro ao processar item CREATE_ASSET: PrismaClientValidationError: 
Invalid `prisma.asset.upsert()` invocation:

{
  where: {
    id: "brsp-315083"
  },
  create: {
    id: "brsp-315083",
    tenantId: "cmn6sf2we004g5epyw7uxjo73",
    title: "Yaris",
    type: "VEHICLE",
          ~~~~~~~~~
    status: "OPERACIONAL",
    imageUrl: null,
    parentId: null,
    metadata: {
      inventoryId: "",
      brand: "",
      model: "",
      serialNumber: "",
      costCenter: "",
      acquisitionValue: "",
      cep: "",
      street: "",
      streetNumber: "",
      complement: "",
      neighborhood: "",
      city: "",
      state: "",
      gpsCoordinates: "",
      owner: "",
      department: "",
      customFields: [],
      photos: []
    }
  },
  update: {
    title: "Yaris",
    status: "OPERACIONAL",
    imageUrl: null,
    parentId: null,
    metadata: {
      inventoryId: "",
      brand: "",
      model: "",
      serialNumber: "",
      costCenter: "",
      acquisitionValue: "",
      cep: "",
      street: "",
      streetNumber: "",
      complement: "",
      neighborhood: "",
      city: "",
      state: "",
      gpsCoordinates: "",
      owner: "",
      department: "",
      customFields: [],
      photos: []
    }
  }
}

Invalid value for argument `type`. Expected AssetType.
    at wn (/Users/alex/Lansolver Dropbox/Alex Benedito/antigravity/BrsparkMobile/admin-panel/backend/node_modules/@prisma/client/runtime/library.js:29:1363)
    at $n.handleRequestError (/Users/alex/Lansolver Dropbox/Alex Benedito/antigravity/BrsparkMobile/admin-panel/backend/node_modules/@prisma/client/runtime/library.js:121:6958)
    at $n.handleAndLogRequestError (/Users/alex/Lansolver Dropbox/Alex Benedito/antigravity/BrsparkMobile/admin-panel/backend/node_modules/@prisma/client/runtime/library.js:121:6623)
    at $n.request (/Users/alex/Lansolver Dropbox/Alex Benedito/antigravity/BrsparkMobile/admin-panel/backend/node_modules/@prisma/client/runtime/library.js:121:6307)
    at async l (/Users/alex/Lansolver Dropbox/Alex Benedito/antigravity/BrsparkMobile/admin-panel/backend/node_modules/@prisma/client/runtime/library.js:130:9633)
    at async /Users/alex/Lansolver Dropbox/Alex Benedito/antigravity/BrsparkMobile/admin-panel/backend/src/routes/sync.js:97:13 {
  clientVersion: '5.22.0'
}
[0mPOST /api/sync/push [32m200[0m 20.627 ms - 35[0m
[0mGET /api/sync/stock/items?owner_email=luigi%40lansolver.com [36m304[0m 3.687 ms - -[0m
[0mGET /api/sync/media?owner_email=luigi%40lansolver.com [36m304[0m 1.582 ms - -[0m
[0mGET /api/sync/vault?owner_email=luigi%40lansolver.com [36m304[0m 2.112 ms - -[0m
[0mGET /api/sync/maintenances?owner_email=luigi%40lansolver.com [36m304[0m 3.089 ms - -[0m
[0mPOST /api/sync/insurance?owner_email=luigi%40lansolver.com [32m200[0m 4.129 ms - 21[0m
[0mPOST /api/sync/costs/recurring?owner_email=luigi%40lansolver.com [32m200[0m 5.907 ms - 21[0m
[0mPOST /api/sync/costs/expenses?owner_email=luigi%40lansolver.com [32m200[0m 6.490 ms - 21[0m
[0mPOST /api/sync/asset_docs?owner_email=luigi%40lansolver.com [32m200[0m 3.428 ms - 21[0m
[0mGET /api/sync/costs/expenses?owner_email=luigi%40lansolver.com [32m200[0m 7.627 ms - 244[0m
[0mGET /api/sync/costs/recurring?owner_email=luigi%40lansolver.com [32m200[0m 7.173 ms - 649[0m
[0mGET /api/sync/costs/budgets?owner_email=luigi%40lansolver.com [36m304[0m 1.341 ms - -[0m
[0mGET /api/sync/insurance?owner_email=luigi%40lansolver.com [32m200[0m 8.497 ms - 1369[0m
[0mGET /api/sync/stock/movements?owner_email=luigi%40lansolver.com [36m304[0m 1.910 ms - -[0m
[0mGET /api/sync/asset_docs?owner_email=luigi%40lansolver.com [32m200[0m 1.578 ms - 1146[0m
[0mGET /api/sync/assets [36m304[0m 5.639 ms - -[0m
[0mGET /api/config [32m200[0m 3.386 ms - 417[0m
[0mGET /api/shares/pending [36m304[0m 2.379 ms - -[0m
[0mGET /api/providers?page=1&limit=20 [36m304[0m 2.449 ms - -[0m
